,assetClass,beta3Yr,cost,date,distYield,dnow,modelOad,numHoldings,optionAdjustedSpread,priceBook,priceEarnings,sharesOutstanding,standardDeviation3Yr,thirtyDaySecYield,ticker,totalNetAssets,twelveMonTrlYld,weightedAvgCoupon,weightedAvgLife,yieldToWorst,link
0,Equity,1.18,0.003,2019-06-17 00:00:00.000000,0.0134,2019-06-18 10:19:41.120984,,498.0,,1.97,14.14,5650000.0,0.1616,0.012,SMLF,222361652.0,0.0121,,,,https://www.ishares.com/us/products/272825/ishares-msci-usa-small-cap-multi-factor-etf
1,Real Estate,0.34,0.0048,2019-06-17 00:00:00.000000,0.0297,2019-06-18 10:19:47.683190,,43.0,,2.65,,6400000.0,0.1384,0.0259,REZ,476765432.0,0.030699999999999998,,,,https://www.ishares.com/us/products/239545/ishares-residential-real-estate-capped-etf
2,Equity,,0.0018,2019-06-17 00:00:00.000000,0.0263,2019-06-18 10:19:49.202682,,262.0,,,,200000.0,,0.021,IEFN,4709209.0,0.0213,,,0.0001,https://www.ishares.com/us/products/292421/
3,Equity,0.55,0.0031,2019-06-17 00:00:00.000000,0.0204,2019-06-18 10:19:52.687116,,442.0,,2.33,21.72,51200000.0,0.08220000000000001,0.023799999999999998,ACWV,4660015945.0,0.0212,,,,https://www.ishares.com/us/products/239605/ishares-msci-all-country-world-minimum-volatility-etf
4,Equity,1.06,0.0015,2019-06-17 00:00:00.000000,0.016399999999999998,2019-06-18 10:19:56.614950,,643.0,,2.6,18.59,4700000.0,0.1274,0.0177,EUSA,272836212.0,0.018000000000000002,,,,https://www.ishares.com/us/products/239693/ishares-msci-usa-etf
5,Equity,0.56,0.004699999999999999,2019-06-17 00:00:00.000000,0.0258,2019-06-18 10:20:01.579523,,90.0,,3.78,22.06,14350000.0,0.10529999999999999,0.0223,KXI,753526173.0,0.0268,,,,https://www.ishares.com/us/products/239740/ishares-global-consumer-staples-etf
6,Equity,,0.004699999999999999,2019-06-17 00:00:00.000000,0.006999999999999999,2019-06-18 10:20:03.117965,,88.0,,3.05,19.14,1600000.0,,0.0040999999999999995,IRBO,37804352.0,0.003,,,0.0001,https://www.ishares.com/us/products/297905/ishares-robotics-and-artificial-intelligence-etf-fund
7,Equity,,0.0015,2019-06-17 00:00:00.000000,0.0172,2019-06-18 10:20:05.155202,,314.0,,3.28,20.43,3700000.0,,0.0181,ESGU,234599351.0,0.0171,,,,https://www.ishares.com/us/products/286007/_1
8,Fixed Income,0.09,0.0006,2019-06-17 00:00:00.000000,0.0388,2019-06-18 10:20:09.393120,13.52,1993.0,174.0,,,16400000.0,0.0704,0.0426,IGLB,1012264114.0,0.0424,0.050300000000000004,22.74,0.04190000000000001,https://www.ishares.com/us/products/239423/ishares-10-year-credit-bond-etf
9,Equity,0.61,0.004699999999999999,2019-06-17 00:00:00.000000,0.03,2019-06-18 10:20:13.214566,,27.0,,2.18,19.06,3200000.0,0.1336,0.0264,ENZL,160403798.0,0.0325,,,,https://www.ishares.com/us/products/239672/ishares-msci-new-zealand-capped-etf
10,Fixed Income,-0.13,0.0015,2019-06-17 00:00:00.000000,0.0216,2019-06-18 10:20:19.048917,7.56,16.0,,,,148100000.0,0.05,0.02,IEF,16188377577.0,0.0229,0.0259,8.48,0.0203,https://www.ishares.com/us/products/239456/ishares-710-year-treasury-bond-etf
11,Equity,0.69,0.0069,2019-06-17 00:00:00.000000,0.020499999999999997,2019-06-18 10:20:22.260307,,1.0,,,,97950000.0,0.0978,0.031400000000000004,HEFA,2873279335.0,0.030299999999999997,,,,https://www.ishares.com/us/products/259622/ishares-currency-hedged-msci-eafe-etf
12,Equity,0.86,0.0053,2019-06-17 00:00:00.000000,0.0011,2019-06-18 10:20:29.980106,,32.0,,2.04,15.02,7500000.0,0.1409,0.0265,EWD,222249947.0,0.050199999999999995,,,,https://www.ishares.com/us/products/239684/ishares-msci-sweden-etf
13,Equity,1.39,0.0043,2019-06-17 00:00:00.000000,0.0235,2019-06-18 10:20:35.068020,,58.0,,1.36,11.93,10700000.0,0.22260000000000002,0.024700000000000003,IAT,476149874.0,0.024300000000000002,,,,https://www.ishares.com/us/products/239521/ishares-us-regional-banks-etf
14,Equity,,0.0018,2019-06-17 00:00:00.000000,0.0077,2019-06-18 10:20:37.254130,,160.0,,,,250000.0,,0.0101,IEHS,7142820.0,0.0152,,,0.0002,https://www.ishares.com/us/products/292422/
15,Equity,1.03,0.002,2019-06-17 00:00:00.000000,0.0184,2019-06-18 10:20:39.780638,,161.0,,2.54,15.14,33850000.0,0.1243,0.0199,LRGF,1048770440.0,0.030600000000000002,,,,https://www.ishares.com/us/products/272824/ishares-msci-usa-multi-factor-etf
16,Multi Asset,0.71,0.0032,2019-06-17 00:00:00.000000,0.0137,2019-06-18 10:20:43.861691,,7.0,,,,17100000.0,0.0873,0.0236,AOA,922590410.0,0.0226,,,,https://www.ishares.com/us/products/239729/ishares-aggressive-allocation-etf
17,Equity,1.0,0.002,2019-06-17 00:00:00.000000,0.0225,2019-06-18 10:20:49.838492,,101.0,,3.42,20.55,38700000.0,0.1175,0.0192,OEF,4939952513.0,0.0195,,,,https://www.ishares.com/us/products/239723/ishares-sp-100-etf
18,Equity,0.98,0.002,2019-06-17 00:00:00.000000,0.0242,2019-06-18 10:20:55.119824,,90.0,,3.48,18.21,5050000.0,0.11699999999999999,0.022400000000000003,JKD,819431473.0,0.0208,,,,https://www.ishares.com/us/products/239579/ishares-morningstar-largecap-etf
19,Fixed Income,-0.01,0.0007000000000000001,2019-06-17 00:00:00.000000,0.0161,2019-06-18 10:21:04.638757,,1044.0,,,,21850000.0,0.011699999999999999,0.0144,SUB,2322883409.0,0.0154,0.0493,2.2,0.0141,https://www.ishares.com/us/products/239772/ishares-shortterm-national-amtfree-muni-bond-etf
20,Equity,1.01,0.0025,2019-06-17 00:00:00.000000,0.017,2019-06-18 10:21:09.796624,,127.0,,3.75,21.02,8700000.0,0.1195,0.0172,SUSA,1036273664.0,0.0166,,,,https://www.ishares.com/us/products/239692/ishares-msci-usa-esg-select-etf
21,Equity,0.95,0.004699999999999999,2019-06-17 00:00:00.000000,0.032,2019-06-18 10:21:16.571176,,68.0,,1.41,13.74,25950000.0,0.1653,0.0366,IXC,809130326.0,0.0331,,,,https://www.ishares.com/us/products/239741/ishares-global-energy-etf
22,Equity,,0.0018,2019-06-17 00:00:00.000000,0.0088,2019-06-18 10:21:18.175992,,92.0,,,,250000.0,,0.0098,IEME,6836422.0,0.0101,,,0.0002,https://www.ishares.com/us/products/292424/
23,Fixed Income,,0.0040999999999999995,2019-06-17 00:00:00.000000,,2019-06-18 10:21:21.075025,,1.0,,,,2250000.0,,,IGBH,54448207.0,,,,,https://www.ishares.com/us/products/275397/ishares-interest-rate-hedged-10-year-credit-bond-etf
24,Fixed Income,,0.0018,2019-06-17 00:00:00.000000,0.0147,2019-06-18 10:21:22.457946,,70.0,,,,200000.0,,0.0146,IBMO,5109868.0,,0.0467,6.78,0.0173,https://www.ishares.com/us/products/308047/
25,Fixed Income,-0.02,0.0018,2019-06-17 00:00:00.000000,0.015300000000000001,2019-06-18 10:21:24.987092,,1311.0,,,,11250000.0,0.0316,0.0129,IBMK,292934576.0,0.015300000000000001,0.0484,3.08,0.013999999999999999,https://www.ishares.com/us/products/276544/ishares-ibonds-dec-2022-amt-free-muni-bond-etf
26,Equity,,0.0015,2019-06-17 00:00:00.000000,,2019-06-18 10:21:26.414756,,323.0,,3.86,21.23,23200000.0,,,SUSL,1149605096.0,,,,,https://www.ishares.com/us/products/308574/
27,Equity,1.14,0.004699999999999999,2019-06-17 00:00:00.000000,0.026699999999999998,2019-06-18 10:21:32.329152,,124.0,,1.54,14.47,21150000.0,0.1834,0.0218,IGE,618747195.0,0.026000000000000002,,,,https://www.ishares.com/us/products/239768/ishares-north-american-natural-resources-etf
28,Equity,,0.0025,2019-06-17 00:00:00.000000,0.026000000000000002,2019-06-18 10:21:33.979871,,350.0,,2.68,16.6,300000.0,,0.0239,DIVB,8148718.0,0.022400000000000003,,,,https://www.ishares.com/us/products/291387/
29,Fixed Income,0.0,0.0015,2019-06-17 00:00:00.000000,0.022000000000000002,2019-06-18 10:21:36.841679,0.01,8.0,,,,11900000.0,0.0022,0.022799999999999997,TFLO,598411494.0,0.020099999999999996,0.0232,1.14,0.0236,https://www.ishares.com/us/products/260652/ishares-treasury-floating-rate-bond-etf
30,Equity,1.01,0.0015,2019-06-17 00:00:00.000000,0.0195,2019-06-18 10:21:43.021603,,976.0,,3.15,20.37,124700000.0,0.1182,0.0182,IWB,19955789748.0,0.0187,,,,https://www.ishares.com/us/products/239707/ishares-russell-1000-etf
31,Equity,1.09,0.003,2019-06-17 00:00:00.000000,0.0023,2019-06-18 10:21:48.353966,,197.0,,5.2,36.61,2200000.0,0.14,0.0017000000000000001,JKH,543115369.0,0.0027,,,,https://www.ishares.com/us/products/239583/ishares-morningstar-midcap-growth-etf
32,Fixed Income,,0.0025,2019-06-17 00:00:00.000000,0.018500000000000003,2019-06-18 10:21:54.913918,7.38,193.0,72.0,,,500000.0,,0.0101,BGRN,26790338.0,0.0,0.016399999999999998,8.38,0.0106,https://www.ishares.com/us/products/305296/
33,Equity,1.19,0.0024,2019-06-17 00:00:00.000000,0.0215,2019-06-18 10:22:06.669436,,1350.0,,1.36,13.93,72500000.0,0.17010000000000003,0.0204,IWN,8548491648.0,0.0196,,,,https://www.ishares.com/us/products/239712/ishares-russell-2000-value-etf
34,,,,2019-06-17 10:22:09.845471,,2019-06-18 10:22:09.845488,,,,,,,,,,,,,,,https://www.ishares.com/uk/institutional/en/products/239710/ishares-russell-2000-etf
35,Equity,0.95,0.0034999999999999996,2019-06-17 00:00:00.000000,0.1362,2019-06-18 10:22:12.070257,,431.0,,1.84,12.36,4050000.0,0.1195,0.021400000000000002,ACWF,115120701.0,0.019,,,,https://www.ishares.com/us/products/272821/ishares-msci-global-multi-factor-etf
36,Equity,0.78,0.004699999999999999,2019-06-17 00:00:00.000000,0.0055000000000000005,2019-06-18 10:22:15.969408,,26.0,,1.56,13.98,1400000.0,0.1431,0.0152,EIRL,57700550.0,0.0137,,,,https://www.ishares.com/us/products/239662/ishares-msci-ireland-capped-etf
37,Fixed Income,,0.0045000000000000005,2019-06-17 00:00:00.000000,,2019-06-18 10:22:19.203253,,1.0,,,,1650000.0,,,LQDH,152980606.0,,,,,https://www.ishares.com/us/products/264542/ishares-interest-rate-hedged-corporate-bond-etf
38,Fixed Income,,0.004,2019-06-17 10:22:20.706483,0.0466,2019-06-18 10:22:20.706498,3.25,1288.0,,,,3600000.0,,,GHYG,,,0.056299999999999996,3.89,,https://www.ishares.com/ch/institutional/en/products/239551/ishares-global-high-yield-corporate-bond-etf
39,Equity,0.79,0.004699999999999999,2019-06-17 00:00:00.000000,0.0078000000000000005,2019-06-18 10:22:26.962184,,81.0,,1.6,17.62,27000000.0,0.1382,0.0233,EWQ,795845431.0,0.0265,,,,https://www.ishares.com/us/products/239648/ishares-msci-france-etf
40,Fixed Income,0.69,0.002,2019-06-17 00:00:00.000000,0.0141,2019-06-18 10:22:29.562562,1.71,215.0,,,,5850000.0,0.0916,0.0174,ICVT,342234315.0,0.034,0.0176,4.43,0.027000000000000003,https://www.ishares.com/us/products/272819/ishares-convertible-bond-etf
41,Equity,0.68,0.005,2019-06-17 00:00:00.000000,0.0467,2019-06-18 10:22:34.036212,,99.0,,1.4,11.53,139600000.0,0.1073,0.0574,IDV,4169208115.0,0.0582,,,,https://www.ishares.com/us/products/239499/ishares-international-select-dividend-etf
42,Equity,0.89,0.0025,2019-06-17 00:00:00.000000,0.0331,2019-06-18 10:22:39.338694,,70.0,,2.01,15.44,4800000.0,0.1121,0.0288,JKF,508760544.0,0.028300000000000002,,,,https://www.ishares.com/us/products/239581/ishares-morningstar-largecap-value-etf
43,Equity,0.86,0.004,2019-06-17 00:00:00.000000,0.0171,2019-06-18 10:22:44.504948,,103.0,,2.45,18.02,42650000.0,0.1052,0.022799999999999997,IOO,2043431076.0,0.0233,,,,https://www.ishares.com/us/products/239737/ishares-global-100-etf
44,Fixed Income,,0.0018,2019-06-17 00:00:00.000000,0.0319,2019-06-18 10:22:46.552676,7.43,1280.0,122.0,,,1450000.0,,0.0329,SUSC,36728725.0,0.033,0.039599999999999996,10.86,0.0333,https://www.ishares.com/us/products/288488/ishares-esg-usd-corporate-bond-etf-fund
45,Equity,0.68,0.0109,2019-06-17 00:00:00.000000,0.0482,2019-06-18 10:22:48.730215,,1.0,,,,100000.0,0.1723,0.0443,HEWI,1680926.0,0.0527,,,,https://www.ishares.com/us/products/273746/ishares-currency-hedged-msci-italy-etf
46,Fixed Income,0.07,0.0048,2019-06-17 00:00:00.000000,0.0355,2019-06-18 10:22:53.625369,5.36,8.0,172.0,,,2300000.0,0.0294,0.0398,BYLD,57421052.0,0.0414,0.0239,7.61,0.038599999999999995,https://www.ishares.com/us/products/264127/ishares-yield-optimized-bond-etf
47,Equity,1.08,0.002,2019-06-17 00:00:00.000000,0.0138,2019-06-18 10:22:59.006950,,545.0,,7.01,24.64,282850000.0,0.1304,0.0108,IWF,43993435584.0,0.011399999999999999,,,,https://www.ishares.com/us/products/239706/ishares-russell-1000-growth-etf
48,Equity,,0.002,2019-06-17 10:23:00.350759,0.0225,2019-06-18 10:23:00.350774,,101.0,,3.42,20.55,38700000.0,,,OEF,,,,,,https://www.ishares.com/ch/institutional/en/products/239723/ishares-sp-100-etf
49,Equity,1.07,0.002,2019-06-17 00:00:00.000000,0.0167,2019-06-18 10:23:06.335087,,780.0,,2.66,20.03,349900000.0,0.1295,0.015600000000000001,IWR,19183972031.0,0.0177,,,,https://www.ishares.com/us/products/239718/ishares-russell-midcap-etf
50,,,,2019-06-17 10:23:07.682317,,2019-06-18 10:23:07.682341,,,,,,,,,,,,,,,https://www.ishares.com/uk/professional/en/products/288500/ishares-floating-rate-bond-ucits-etf-usd-dist-fund
51,Equity,0.66,0.0053,2019-06-17 00:00:00.000000,0.0067,2019-06-18 10:23:11.027006,,45.0,,3.0,17.72,600000.0,0.1389,0.0139,EDEN,37145620.0,0.0187,,,,https://www.ishares.com/us/products/239621/ishares-msci-denmark-capped-etf
52,Fixed Income,0.0,0.0006,2019-06-17 00:00:00.000000,0.0298,2019-06-18 10:23:15.803441,2.68,2499.0,83.0,,,223900000.0,0.011899999999999999,0.028300000000000002,IGSB,11887876503.0,0.0292,0.0344,2.87,0.0273,https://www.ishares.com/us/products/239451/ishares-13-year-credit-bond-etf
53,Equity,0.75,0.0043,2019-06-17 00:00:00.000000,0.0223,2019-06-18 10:23:21.826777,,110.0,,3.76,18.98,3750000.0,0.1127,0.023700000000000002,IYK,455435527.0,0.0254,,,,https://www.ishares.com/us/products/239505/ishares-us-consumer-goods-etf
54,Equity,0.91,0.005,2019-06-17 00:00:00.000000,0.0339,2019-06-18 10:23:25.809279,,51.0,,1.49,11.2,17900000.0,0.1501,0.0227,AIA,1029336906.0,0.0242,,,,https://www.ishares.com/us/products/239730/ishares-asia-50-etf
55,Equity,,0.002,2019-06-17 00:00:00.000000,0.0134,2019-06-18 10:23:28.097801,,393.0,,2.11,22.67,5150000.0,,0.0181,SMMV,170750568.0,0.0159,,,,https://www.ishares.com/us/products/284609/
56,Fixed Income,-0.04,0.002,2019-06-17 00:00:00.000000,0.022099999999999998,2019-06-18 10:23:33.956358,3.88,3179.0,33.0,,,18100000.0,0.022400000000000003,0.022099999999999998,GVI,2020898233.0,0.0225,0.0274,4.23,0.0226,https://www.ishares.com/us/products/239464/ishares-intermediate-governmentcredit-bond-etf
57,Equity,0.74,0.004699999999999999,2019-06-17 00:00:00.000000,0.035699999999999996,2019-06-18 10:23:40.117171,,25.0,,1.23,12.79,24700000.0,0.1461,0.04,EWS,575754470.0,0.0408,,,,https://www.ishares.com/us/products/239678/ishares-msci-singapore-capped-etf
58,Multi Asset,0.31,0.0060999999999999995,2019-06-17 00:00:00.000000,0.025099999999999997,2019-06-18 10:23:44.925578,,10.0,,,,12900000.0,0.0548,0.054000000000000006,IYLD,318142724.0,0.051500000000000004,,,,https://www.ishares.com/us/products/239585/ishares-morningstar-multiasset-income-etf
59,Fixed Income,,0.0018,2019-06-17 00:00:00.000000,0.016399999999999998,2019-06-18 10:23:46.846173,,965.0,,,,6750000.0,,0.0132,IBML,172963015.0,0.0172,0.048799999999999996,4.03,0.0144,https://www.ishares.com/us/products/287194/ishares-ibonds-dec-2023-term-muni-bond-etf-fund
60,Equity,1.0,0.0004,2019-06-17 00:00:00.000000,0.0194,2019-06-18 10:23:53.368404,,505.0,,3.24,20.42,614200000.0,0.11689999999999999,0.019799999999999998,IVV,177901610258.0,0.0197,,,,https://www.ishares.com/us/products/239726/ishares-core-sp-500-etf
61,Equity,1.28,0.0025,2019-06-17 00:00:00.000000,0.019299999999999998,2019-06-18 10:23:59.439628,,460.0,,1.43,15.49,41250000.0,0.1816,0.0179,IJS,5927171450.0,0.0169,,,,https://www.ishares.com/us/products/239775/ishares-sp-smallcap-600-value-etf
62,Equity,0.99,0.0015,2019-06-17 00:00:00.000000,0.0195,2019-06-18 10:24:02.405761,,125.0,,5.2,20.11,119900000.0,0.1183,0.0177,QUAL,10781374883.0,0.0176,,,,https://www.ishares.com/us/products/256101/ishares-msci-usa-quality-factor-etf
63,Real Estate,0.61,0.0043,2019-06-17 00:00:00.000000,0.0282,2019-06-18 10:24:08.427426,,114.0,,2.58,,49500000.0,0.1273,0.027999999999999997,IYR,4454907743.0,0.030299999999999997,,,,https://www.ishares.com/us/products/239520/ishares-us-real-estate-etf
64,Multi Asset,0.35,0.0032,2019-06-17 00:00:00.000000,0.022799999999999997,2019-06-18 10:24:15.429286,,7.0,,,,27550000.0,0.04769999999999999,0.0269,AOM,1060049958.0,0.0252,,,,https://www.ishares.com/us/products/239765/ishares-moderate-allocation-etf
65,Equity,,0.003,2019-06-17 00:00:00.000000,0.0,2019-06-18 10:24:16.808587,,641.0,,,,800000.0,,0.0195,DYNF,20570462.0,,,,,https://www.ishares.com/us/products/307283/blackrock-us-equity-factor-rotation-etf
66,Fixed Income,-0.04,0.0006,2019-06-17 00:00:00.000000,0.026099999999999998,2019-06-18 10:24:23.972438,5.32,7410.0,47.0,,,571700000.0,0.0311,0.026099999999999998,AGG,63176354147.0,0.027200000000000002,0.0332,7.76,0.0262,https://www.ishares.com/us/products/239458/ishares-core-total-us-bond-market-etf
67,Equity,,0.0018,2019-06-17 00:00:00.000000,0.0147,2019-06-18 10:24:25.594937,,211.0,,,,200000.0,,0.0137,IEDI,5752696.0,0.0173,,,0.0001,https://www.ishares.com/us/products/292414/
68,Equity,,0.0018,2019-06-17 00:00:00.000000,0.02,2019-06-18 10:24:27.148988,,214.0,,,,200000.0,,0.015300000000000001,IEIH,5017224.0,0.0149,,,0.0001,https://www.ishares.com/us/products/292423/ishares-evolved-u-s-innovative-healthcare-etf-fund
69,Equity,1.41,0.0043,2019-06-17 00:00:00.000000,0.021,2019-06-18 10:24:32.121957,,60.0,,1.37,10.24,4600000.0,0.2455,0.0155,IEO,241337609.0,0.0176,,,,https://www.ishares.com/us/products/239517/ishares-us-oil-gas-exploration-production-etf
70,Equity,,0.0015,2019-06-17 00:00:00.000000,0.0227,2019-06-18 10:24:34.251940,,402.0,,2.18,17.87,400000.0,,0.0232,AMCA,11198462.0,0.0239,,,,https://www.ishares.com/us/products/290127/
71,Equity,0.46,0.0031,2019-06-17 00:00:00.000000,0.0199,2019-06-18 10:24:37.840968,,281.0,,1.79,18.62,154200000.0,0.08470000000000001,0.029500000000000002,EFAV,10994535187.0,0.0313,,,,https://www.ishares.com/us/products/239626/ishares-msci-eafe-minimum-volatility-etf
72,Equity,1.1,0.0059,2019-06-17 00:00:00.000000,0.0027,2019-06-18 10:24:42.425789,,73.0,,1.5,14.33,2550000.0,0.15689999999999998,0.0060999999999999995,EIS,134446335.0,0.008,,,,https://www.ishares.com/us/products/239663/ishares-msci-israel-capped-etf
73,Fixed Income,-0.09,0.0015,2019-06-17 00:00:00.000000,0.019799999999999998,2019-06-18 10:24:45.826098,6.19,125.0,,,,432500000.0,0.036000000000000004,0.020099999999999996,GOVT,11106091234.0,0.0202,0.023799999999999998,7.75,0.0203,https://www.ishares.com/us/products/239468/ishares-us-treasury-bond-etf
74,Fixed Income,,0.001,2019-06-17 00:00:00.000000,0.0321,2019-06-18 10:24:47.282151,7.34,270.0,134.0,,,2350000.0,,0.035,IBDT,62537593.0,0.0,0.0412,8.7,0.034,https://www.ishares.com/us/products/304570/ishares-ibonds-dec-2028-term-corporate-etf-fund
75,,,,2019-06-17 10:24:48.304019,,2019-06-18 10:24:48.304031,,,,,,,,,,,,,,,https://www.ishares.com/uk/individual/en/products/251912/ishares-global-timber-forestry-ucits-etf
76,Equity,1.01,0.0004,2019-06-17 00:00:00.000000,0.0281,2019-06-18 10:24:53.711137,,679.0,,2.18,15.82,99250000.0,0.124,0.0254,IUSV,5487871725.0,0.0248,,,,https://www.ishares.com/us/products/239715/ishares-core-sp-us-value-etf
77,Equity,0.89,0.0031,2019-06-17 00:00:00.000000,0.013600000000000001,2019-06-18 10:24:58.195100,,1416.0,,2.2,17.05,144600000.0,0.1085,0.0206,ACWI,10392221362.0,0.0206,,,,https://www.ishares.com/us/products/239600/ishares-msci-acwi-etf
78,Equity,1.13,0.0025,2019-06-17 00:00:00.000000,0.008199999999999999,2019-06-18 10:25:03.504619,,417.0,,6.0,25.24,76400000.0,0.14,0.006500000000000001,IWP,10693594900.0,0.0084,,,,https://www.ishares.com/us/products/239717/ishares-russell-midcap-growth-etf
79,Fixed Income,0.0,0.001,2019-06-17 00:00:00.000000,0.026699999999999998,2019-06-18 10:25:06.753230,3.04,347.0,78.0,,,2950000.0,0.027200000000000002,0.0271,IBDD,78219515.0,0.028999999999999998,0.0321,3.2,0.0264,https://www.ishares.com/us/products/254555/isharesbond-mar-2023-corporate-term-etf
80,Real Estate,0.62,0.0008,2019-06-17 00:00:00.000000,0.034300000000000004,2019-06-18 10:25:13.537453,,157.0,,2.42,,26750000.0,0.1354,0.032400000000000005,USRT,1429980061.0,0.048499999999999995,,,,https://www.ishares.com/us/products/239544/ishares-core-us-real-estate-etf
81,Equity,0.18,0.0046,2019-06-17 00:00:00.000000,0.0576,2019-06-18 10:25:18.438017,,464.0,,,,416600000.0,0.0509,0.0535,PFF,15343148053.0,0.0538,,,,https://www.ishares.com/us/products/239826/ishares-us-preferred-stock-etf
82,Equity,0.64,0.0053,2019-06-17 00:00:00.000000,0.0004,2019-06-18 10:25:22.167306,,39.0,,2.04,15.7,650000.0,0.1332,0.0318,EFNL,23554975.0,0.0373,,,,https://www.ishares.com/us/products/239647/ishares-msci-finland-capped-etf
83,Equity,0.87,0.004699999999999999,2019-06-17 00:00:00.000000,0.0,2019-06-18 10:25:28.956752,,65.0,,1.55,13.89,79500000.0,0.1476,0.023700000000000002,EWG,2141184625.0,0.0276,,,,https://www.ishares.com/us/products/239650/ishares-msci-germany-etf
84,Equity,0.83,0.0039000000000000003,2019-06-17 00:00:00.000000,0.0516,2019-06-18 10:25:32.372363,,198.0,,1.27,10.2,8350000.0,0.20879999999999999,0.0334,PICK,240139248.0,0.0454,,,,https://www.ishares.com/us/products/239655/ishares-msci-global-metals-mining-producers-etf
85,Equity,1.19,0.004699999999999999,2019-06-17 00:00:00.000000,0.0271,2019-06-18 10:25:36.810661,,25.0,,1.27,11.92,3840000.0,0.18539999999999998,0.030899999999999997,WOOD,222548217.0,0.029300000000000003,,,,https://www.ishares.com/us/products/239752/ishares-global-timber-forestry-etf
86,Fixed Income,,0.0018,2019-06-17 00:00:00.000000,0.0305,2019-06-18 10:25:38.138185,,70.0,,,,200000.0,,0.015700000000000002,IBMP,5122711.0,,0.049400000000000006,7.67,0.0181,https://www.ishares.com/us/products/308049/ishares-ibonds-dec-2027-term-muni-bond-etf
87,Equity,0.74,0.0109,2019-06-17 00:00:00.000000,0.0097,2019-06-18 10:25:40.911548,,1.0,,,,30000000.0,0.12,0.0319,HEZU,900278529.0,0.031,,,,https://www.ishares.com/us/products/268708/ishares-currency-hedged-msci-emu-etf
88,,,,2019-06-17 10:25:43.699924,,2019-06-18 10:25:43.699941,,,,,,,,,,,,,,,https://www.ishares.com/uk/institutional/en/products/239668/ishares-msci-kokusai-etf
89,Fixed Income,0.01,0.0006,2019-06-17 00:00:00.000000,0.065,2019-06-18 10:25:48.387690,2.54,16.0,,,,23450000.0,0.012199999999999999,0.0705,STIP,2344103021.0,0.0216,0.0052,2.58,,https://www.ishares.com/us/products/239450/ishares-05-year-tips-bond-etf
90,Fixed Income,,0.0034000000000000002,2019-06-17 00:00:00.000000,,2019-06-18 10:25:50.265393,,1.0,,,,300000.0,,,LQDI,7590384.0,,,,,https://www.ishares.com/us/products/294319/
91,Fixed Income,0.26,0.004,2019-06-17 00:00:00.000000,0.0,2019-06-18 10:25:53.730023,3.36,272.0,,,,800000.0,0.07519999999999999,0.028900000000000002,HYXU,39979510.0,0.0388,0.0397,3.66,0.030600000000000002,https://www.ishares.com/us/products/239550/ishares-global-ex-usd-high-yield-corporate-bond-etf
92,Equity,1.39,0.0043,2019-06-17 00:00:00.000000,0.0159,2019-06-18 10:25:59.333457,,20.0,,3.08,17.34,2850000.0,0.1883,0.0123,IYT,522855916.0,0.0123,,,,https://www.ishares.com/us/products/239501/ishares-transportation-average-etf
93,Equity,0.7,0.004699999999999999,2019-06-17 00:00:00.000000,0.037000000000000005,2019-06-18 10:26:06.397872,,97.0,,1.67,15.38,68400000.0,0.11779999999999999,0.0403,EWU,2161327037.0,0.0463,,,,https://www.ishares.com/us/products/239690/ishares-msci-united-kingdom-etf
94,Equity,0.65,0.004699999999999999,2019-06-17 00:00:00.000000,0.0338,2019-06-18 10:26:13.415792,,23.0,,1.21,12.07,34200000.0,0.1776,0.024399999999999998,EWP,970336911.0,0.0351,,,,https://www.ishares.com/us/products/239683/ishares-msci-spain-capped-etf
95,Equity,0.9,0.0024,2019-06-17 00:00:00.000000,0.015,2019-06-18 10:26:16.685712,,1202.0,,2.34,18.02,6800000.0,0.10869999999999999,0.0216,URTH,605763205.0,0.0209,,,,https://www.ishares.com/us/products/239696/ishares-msci-world-etf
96,Equity,0.94,0.002,2019-06-17 00:00:00.000000,0.0265,2019-06-18 10:26:23.398430,,720.0,,2.02,17.16,305100000.0,0.115,0.024900000000000002,IWD,38029002626.0,0.025099999999999997,,,,https://www.ishares.com/us/products/239708/ishares-russell-1000-value-etf
97,Equity,0.77,0.001,2019-06-17 00:00:00.000000,0.0134,2019-06-18 10:26:25.962946,,995.0,,1.74,15.79,69000000.0,0.12480000000000001,0.0305,IEUR,3113635632.0,0.0346,,,,https://www.ishares.com/us/products/264617/ishares-core-msci-europe-etf
98,Equity,0.9,0.0015,2019-06-17 00:00:00.000000,0.02,2019-06-18 10:26:28.908652,,125.0,,5.96,30.97,80350000.0,0.1223,0.0172,MTUM,9437313198.0,0.0131,,,,https://www.ishares.com/us/products/251614/ishares-msci-usa-momentum-factor-etf
99,Fixed Income,-0.06,0.002,2019-06-17 00:00:00.000000,0.023700000000000002,2019-06-18 10:26:32.965663,3.96,78.0,19.0,,,4150000.0,0.0215,0.0212,AGZ,476281314.0,0.0236,0.0321,4.95,0.0219,https://www.ishares.com/us/products/239457/ishares-agency-bond-etf
100,Equity,0.67,0.0069,2019-06-17 00:00:00.000000,0.0165,2019-06-18 10:26:35.562953,,1.0,,,,2600000.0,0.09230000000000001,0.023799999999999998,HAWX,69001535.0,0.0229,,,,https://www.ishares.com/us/products/273768/ishares-currency-hedged-msci-acwi-ex-us-etf
101,Equity,0.85,0.0039000000000000003,2019-06-17 00:00:00.000000,0.0223,2019-06-18 10:26:39.808251,,1661.0,,1.39,14.4,164800000.0,0.127,0.022000000000000002,SCZ,9212997570.0,0.0258,,,,https://www.ishares.com/us/products/239627/ishares-msci-eafe-smallcap-etf
102,Fixed Income,-0.01,0.0007000000000000001,2019-06-17 00:00:00.000000,0.0302,2019-06-18 10:26:45.036825,5.23,8035.0,,,,72300000.0,0.029300000000000003,0.028300000000000002,IUSB,3702194144.0,0.0301,0.0358,7.52,0.0296,https://www.ishares.com/us/products/264615/ishares-core-total-usd-bond-market-etf
103,Multi Asset,0.53,0.0032,2019-06-17 00:00:00.000000,0.0183,2019-06-18 10:26:51.486041,,7.0,,,,27900000.0,0.067,0.0253,AOR,1259783780.0,0.024300000000000002,,,,https://www.ishares.com/us/products/239756/ishares-growth-allocation-etf
104,Equity,1.0,0.0018,2019-06-17 00:00:00.000000,0.016399999999999998,2019-06-18 10:26:57.498164,,295.0,,5.36,26.79,130600000.0,0.1215,0.0132,IVW,23108463871.0,0.012,,,,https://www.ishares.com/us/products/239725/ishares-sp-500-growth-etf
105,Equity,,0.0025,2019-06-17 00:00:00.000000,,2019-06-18 10:26:58.614016,,90.0,,2.67,16.63,100000.0,,,MIDF,2613685.0,,,,,https://www.ishares.com/us/products/308876/
106,Equity,0.8,0.004699999999999999,2019-06-17 00:00:00.000000,0.12269999999999999,2019-06-18 10:27:04.393334,,103.0,,3.67,25.15,35200000.0,0.12050000000000001,0.015600000000000001,IXJ,2132498471.0,0.020499999999999997,,,,https://www.ishares.com/us/products/239744/ishares-global-healthcare-etf
107,Fixed Income,,0.0006,2019-06-17 00:00:00.000000,0.0315,2019-06-18 10:27:06.223191,6.19,288.0,122.0,,,250000.0,,0.0329,MLQD,12568247.0,0.033,0.0377,7.09,0.0323,https://www.ishares.com/us/products/290144/ishares-5-10-year-investment-grade-corporate-bond-etf-fund
108,Equity,0.67,0.0048,2019-06-17 00:00:00.000000,0.0473,2019-06-18 10:27:12.194441,,147.0,,1.65,15.33,53100000.0,0.1108,0.0341,EPP,2398144533.0,0.0449,,,,https://www.ishares.com/us/products/239674/ishares-msci-pacific-ex-japan-etf
109,Equity,0.71,0.003,2019-06-17 00:00:00.000000,0.014499999999999999,2019-06-18 10:27:14.871633,,282.0,,3.04,21.13,4800000.0,0.1117,0.0218,IMTM,138608654.0,0.021400000000000002,,,,https://www.ishares.com/us/products/271538/ishares-msci-international-developed-momentum-factor-etf
110,Equity,2.0,0.0043,2019-06-17 00:00:00.000000,0.026699999999999998,2019-06-18 10:27:19.829098,,39.0,,1.0,18.6,5950000.0,0.3344,0.024700000000000003,IEZ,118762242.0,0.019,,,,https://www.ishares.com/us/products/239518/ishares-us-oil-equipment-services-etf
111,Equity,1.15,0.0025,2019-06-17 00:00:00.000000,0.013500000000000002,2019-06-18 10:27:27.570716,,243.0,,3.26,23.26,33900000.0,0.1406,0.011899999999999999,IJK,7527943685.0,0.0109,,,,https://www.ishares.com/us/products/239762/ishares-sp-midcap-400-growth-etf
112,Equity,1.15,0.0043,2019-06-17 00:00:00.000000,0.008,2019-06-18 10:27:32.797397,,46.0,,1.89,12.86,31400000.0,0.1909,0.005,ITB,1219602889.0,0.005600000000000001,,,,https://www.ishares.com/us/products/239512/ishares-us-home-construction-etf
113,Equity,0.91,0.002,2019-06-17 00:00:00.000000,0.0259,2019-06-18 10:27:36.737167,,135.0,,2.07,17.07,8400000.0,0.1121,0.026099999999999998,IWX,446413414.0,0.024700000000000003,,,,https://www.ishares.com/us/products/239722/ishares-russell-top-200-value-etf
114,Equity,,0.0017000000000000001,2019-06-17 00:00:00.000000,0.012,2019-06-18 10:27:38.544908,,941.0,,2.12,18.0,1550000.0,,0.013600000000000001,ESML,40803235.0,0.0121,,,,https://www.ishares.com/us/products/296644/ishares-msci-usa-small-cap-esg-optimized-etf-fund_2
115,Equity,1.06,0.004699999999999999,2019-06-17 00:00:00.000000,0.009000000000000001,2019-06-18 10:27:44.527704,,116.0,,4.78,19.63,14900000.0,0.1496,0.011200000000000002,IXN,2582176058.0,0.008199999999999999,,,,https://www.ishares.com/us/products/239750/ishares-global-tech-etf
116,Fixed Income,-0.03,0.0009,2019-06-17 00:00:00.000000,0.0359,2019-06-18 10:27:49.124023,7.59,2743.0,51.0,,,25900000.0,0.027000000000000003,0.0085,IAGG,1397825690.0,0.0429,0.0215,9.15,0.0079,https://www.ishares.com/us/products/279626/ishares-international-aggregate-bond-etf
117,Equity,0.22,0.004699999999999999,2019-06-17 00:00:00.000000,0.024700000000000003,2019-06-18 10:27:54.282657,,64.0,,1.96,19.28,3650000.0,0.10779999999999999,0.0301,JXI,199348506.0,0.028900000000000002,,,,https://www.ishares.com/us/products/239753/ishares-global-utilities-etf
118,Commodity,,0.0029,2019-06-17 00:00:00.000000,0.023,2019-06-18 10:27:55.645860,,0.0,,,,800000.0,,0.0226,CMDY,35386908.0,0.0172,,,,https://www.ishares.com/us/products/292741/
119,Fixed Income,-0.21,0.0015,2019-06-17 00:00:00.000000,0.022799999999999997,2019-06-18 10:28:01.335962,17.72,35.0,,,,110800000.0,0.1076,0.0246,TLT,14583194888.0,0.0246,0.0304,25.41,0.0254,https://www.ishares.com/us/products/239454/ishares-20-year-treasury-bond-etf
120,Equity,1.13,0.0043,2019-06-17 00:00:00.000000,0.0105,2019-06-18 10:28:09.156660,,149.0,,5.93,21.3,20650000.0,0.1598,0.008,IYW,3987083045.0,0.008199999999999999,,,,https://www.ishares.com/us/products/239522/ishares-us-technology-etf
121,Fixed Income,0.0,0.0018,2019-06-17 00:00:00.000000,0.0116,2019-06-18 10:28:12.183678,,819.0,,,,10650000.0,0.0118,0.0166,IBMH,270930309.0,0.0109,0.0443,0.09,0.0159,https://www.ishares.com/us/products/258510/ishares-2019-amtfree-muni-term-etf
122,Equity,0.96,0.01,2019-06-17 00:00:00.000000,0.008100000000000001,2019-06-18 10:28:15.270031,,1.0,,,,13500000.0,0.14859999999999998,0.0171,HEWJ,404672585.0,0.013300000000000001,,,,https://www.ishares.com/us/products/259624/ishares-currency-hedged-msci-japan-etf
123,Fixed Income,-0.01,0.0018,2019-06-17 00:00:00.000000,0.0127,2019-06-18 10:28:18.091576,,1127.0,,,,13850000.0,0.0187,0.0124,IBMI,353598566.0,0.012199999999999999,0.0481,1.08,0.0134,https://www.ishares.com/us/products/269394/ishares-2020-amtfree-muni-term-etf
124,Equity,1.08,0.004699999999999999,2019-06-17 00:00:00.000000,0.009000000000000001,2019-06-18 10:28:21.560932,,199.0,,2.65,18.78,62450000.0,0.13419999999999999,0.013300000000000001,XT,2324617912.0,0.013300000000000001,,,,https://www.ishares.com/us/products/272532/ishares-exponential-technologies-etf
125,Equity,0.79,0.003,2019-06-17 00:00:00.000000,0.018799999999999997,2019-06-18 10:28:24.155379,,208.0,,1.34,11.66,47800000.0,0.1209,0.0281,INTF,1217279042.0,0.024700000000000003,,,,https://www.ishares.com/us/products/272822/ishares-msci-international-multi-factor-etf
126,Commodity,,0.0032,2019-06-17 00:00:00.000000,0.0131,2019-06-18 10:28:25.697020,,1.0,,,,100000.0,,0.0173,IAUF,5101333.0,0.0075,,,,https://www.ishares.com/us/products/293782/
127,Equity,0.71,0.004699999999999999,2019-06-17 00:00:00.000000,0.013999999999999999,2019-06-18 10:28:37.714032,,323.0,,1.21,12.7,227850000.0,0.1074,0.0183,EWJ,12203227350.0,0.0163,,,,https://www.ishares.com/us/products/239665/ishares-msci-japan-etf
128,Equity,0.43,0.0109,2019-06-17 00:00:00.000000,0.038900000000000004,2019-06-18 10:28:40.090681,,1.0,,,,550000.0,0.1016,0.0454,HEWU,13306354.0,0.045599999999999995,,,,https://www.ishares.com/us/products/273763/ishares-currency-hedged-msci-united-kingdom-etf
129,Fixed Income,-0.17,0.0015,2019-06-17 00:00:00.000000,0.022400000000000003,2019-06-18 10:28:45.056592,11.9,10.0,,,,8400000.0,0.0681,0.022000000000000002,TLH,1193586489.0,0.022400000000000003,0.0489,16.33,0.0225,https://www.ishares.com/us/products/239453/ishares-1020-year-treasury-bond-etf
130,Equity,,0.0015,2019-06-17 00:00:00.000000,0.0,2019-06-18 10:28:46.652812,,157.0,,0.85,9.91,300000.0,,0.0305,EWJV,7148422.0,0.0,,,,https://www.ishares.com/us/products/307263/
131,Equity,,0.0018,2019-06-17 00:00:00.000000,0.0086,2019-06-18 10:28:49.238575,,214.0,,,,350000.0,,0.0084,IETC,9951910.0,0.0126,,,0.0002,https://www.ishares.com/us/products/292425/
132,Real Estate,0.54,0.0048,2019-06-17 00:00:00.000000,0.0304,2019-06-18 10:28:53.895555,,209.0,,1.01,,13700000.0,0.11019999999999999,0.0287,IFGL,406326242.0,0.0381,,,,https://www.ishares.com/us/products/239540/ishares-international-developed-real-estate-etf
133,Fixed Income,0.0,0.001,2019-06-17 00:00:00.000000,0.026000000000000002,2019-06-18 10:28:56.623502,1.84,564.0,65.0,,,46350000.0,0.0195,0.026099999999999998,IBDM,1148794437.0,0.0268,0.0325,1.92,0.0256,https://www.ishares.com/us/products/272342/ishares-ibonds-dec-2021-corporate-etf
134,Fixed Income,0.28,0.0049,2019-06-17 00:00:00.000000,0.049699999999999994,2019-06-18 10:29:01.507521,3.2,976.0,359.0,,,181200000.0,0.043,0.0564,HYG,15596617147.0,0.053399999999999996,0.061500000000000006,3.96,0.0576,https://www.ishares.com/us/products/239565/ishares-iboxx-high-yield-corporate-bond-etf
135,Equity,0.88,0.002,2019-06-17 00:00:00.000000,0.0208,2019-06-18 10:29:04.328642,,1268.0,,2.23,17.13,3800000.0,0.1084,0.022000000000000002,CRBN,443159899.0,0.022799999999999997,,,,https://www.ishares.com/us/products/271054/ishares-msci-acwi-low-carbon-target-etf
136,Equity,1.11,0.004699999999999999,2019-06-17 00:00:00.000000,0.0034999999999999996,2019-06-18 10:29:10.240043,,20.0,,2.61,24.23,2150000.0,0.1711,0.0038,IGN,114881508.0,0.005,,,,https://www.ishares.com/us/products/239770/ishares-north-american-techmultimedia-networking-etf
137,Equity,1.06,0.004699999999999999,2019-06-17 00:00:00.000000,0.0,2019-06-18 10:29:16.223463,,88.0,,7.81,36.18,12300000.0,0.1595,-0.0004,IGV,2616002444.0,0.0013,,,,https://www.ishares.com/us/products/239771/ishares-north-american-techsoftware-etf
138,Equity,0.96,0.0059,2019-06-17 00:00:00.000000,0.0246,2019-06-18 10:29:25.098856,,271.0,,1.76,15.77,1700000.0,0.1724,0.024900000000000002,EWUS,63449782.0,0.0315,,,,https://www.ishares.com/us/products/239691/ishares-msci-united-kingdom-smallcap-etf
139,Equity,0.32,0.0109,2019-06-17 00:00:00.000000,0.0639,2019-06-18 10:29:27.622414,,1.0,,,,50000.0,0.0872,0.0545,HAUD,1313223.0,0.0528,,,,https://www.ishares.com/us/products/273743/ishares-currency-hedged-msci-australia-etf
140,Fixed Income,0.02,0.0015,2019-06-17 00:00:00.000000,0.028900000000000002,2019-06-18 10:29:31.284490,7.16,1502.0,87.0,,,6500000.0,0.037000000000000005,0.0296,QLTA,343344428.0,0.030899999999999997,0.035699999999999996,10.14,0.0296,https://www.ishares.com/us/products/239431/ishares-aaa-a-rated-corporate-bond-etf
141,Fixed Income,,0.0034999999999999996,2019-06-17 00:00:00.000000,,2019-06-18 10:29:32.635494,2.79,196.0,341.0,,,500000.0,,0.0555,IBHD,12554805.0,,0.062,3.36,0.0555,https://www.ishares.com/us/products/308565/ishares-ibonds-2024-term-high-yield-and-income-etf
142,Equity,0.86,0.004699999999999999,2019-06-17 00:00:00.000000,0.008,2019-06-18 10:29:39.649443,,60.0,,2.06,16.77,5550000.0,0.1416,0.020099999999999996,EWN,165678063.0,0.0213,,,,https://www.ishares.com/us/products/239671/ishares-msci-netherlands-etf
143,Equity,,0.0005,2019-06-17 00:00:00.000000,0.0173,2019-06-18 10:29:41.710196,,1269.0,,1.56,14.86,25950000.0,,0.0291,IDEV,1381606798.0,0.0292,,,,https://www.ishares.com/us/products/286762/ishares-core-msci-international-developed-markets-etf-fund
144,Commodity,0.66,,2019-06-17 00:00:00.000000,,2019-06-18 10:29:46.369720,,12.0,,,,62550000.0,0.1549,,GSG,934634801.0,,,,,https://www.ishares.com/us/products/239757/ishares-sp-gsci-commodityindexed-trust-fund
145,Fixed Income,,0.0018,2019-06-17 00:00:00.000000,0.0147,2019-06-18 10:29:47.752494,,70.0,,,,200000.0,,0.0146,IBMO,5109868.0,,0.0467,6.78,0.0173,https://www.ishares.com/us/products/308047/ishares-ibonds-dec-2026-term-muni-bond-etf
146,Fixed Income,,0.0034999999999999996,2019-06-17 00:00:00.000000,,2019-06-18 10:29:49.046005,3.67,236.0,400.0,,,500000.0,,0.060599999999999994,IBHE,12499088.0,,0.0626,4.59,0.061900000000000004,https://www.ishares.com/us/products/308567/ishares-ibonds-2025-term-high-yield-and-income-etf
147,Fixed Income,0.06,0.0026,2019-06-17 00:00:00.000000,0.0321,2019-06-18 10:29:51.773483,3.11,723.0,138.0,,,1100000.0,0.0255,0.0319,FIBR,110081825.0,0.0368,0.043899999999999995,5.17,0.035,https://www.ishares.com/us/products/271544/ishares-us-fixed-income-balanced-risk-etf
148,Equity,0.91,0.0043,2019-06-17 00:00:00.000000,0.0273,2019-06-18 10:29:56.713619,,26.0,,1.83,14.11,3750000.0,0.1787,0.013999999999999999,IAI,232304916.0,0.0174,,,,https://www.ishares.com/us/products/239504/ishares-us-brokerdealers-etf
149,Equity,0.74,0.006,2019-06-17 00:00:00.000000,0.0124,2019-06-18 10:30:02.941905,,364.0,,1.73,15.79,40200000.0,0.1219,0.026699999999999998,IEV,1719184757.0,0.0316,,,,https://www.ishares.com/us/products/239736/ishares-europe-etf
150,Equity,0.91,0.004,2019-06-17 00:00:00.000000,0.019299999999999998,2019-06-18 10:30:07.522400,,1016.0,,1.65,14.8,2900000.0,0.1514,0.022400000000000003,IEUS,141255300.0,0.0291,,,,https://www.ishares.com/us/products/239537/ishares-developed-smallcap-ex-north-america-etf
151,Equity,1.46,0.004699999999999999,2019-06-17 00:00:00.000000,0.013999999999999999,2019-06-18 10:30:13.531847,,30.0,,4.51,15.43,7450000.0,0.21989999999999998,0.0151,SOXX,1363011475.0,0.013000000000000001,,,,https://www.ishares.com/us/products/239705/ishares-phlx-semiconductor-etf
152,Fixed Income,,0.0018,2019-06-17 00:00:00.000000,0.0165,2019-06-18 10:30:15.175319,,408.0,,,,950000.0,,0.0137,IBMN,25485498.0,0.0,0.047400000000000005,6.03,0.015300000000000001,https://www.ishares.com/us/products/282964/ishares-ibonds-dec-2025-term-muni-bond-etf
153,Equity,1.17,0.0007000000000000001,2019-06-17 00:00:00.000000,0.0184,2019-06-18 10:30:21.482367,,400.0,,2.16,18.58,256600000.0,0.146,0.0166,IJH,48615907452.0,0.0158,,,,https://www.ishares.com/us/products/239763/ishares-core-sp-midcap-etf
154,Fixed Income,-0.01,0.0006,2019-06-17 00:00:00.000000,0.0351,2019-06-18 10:30:28.647959,14.68,1860.0,122.0,,,4500000.0,0.0761,0.037200000000000004,ILTB,290038248.0,0.0381,0.0452,23.35,0.0368,https://www.ishares.com/us/products/239424/ishares-core-longterm-us-bond-etf
155,Equity,1.2,0.0025,2019-06-17 00:00:00.000000,0.020099999999999996,2019-06-18 10:30:34.632963,,294.0,,1.6,15.15,40050000.0,0.1557,0.0179,IJJ,6211244245.0,0.018000000000000002,,,,https://www.ishares.com/us/products/239764/ishares-sp-midcap-400-value-etf
156,Equity,0.73,0.0031,2019-06-17 00:00:00.000000,0.0184,2019-06-18 10:30:40.643000,,928.0,,1.57,14.92,942600000.0,0.1091,0.0276,EFA,60137011255.0,0.031400000000000004,,,,https://www.ishares.com/us/products/239623/ishares-msci-eafe-etf
157,Equity,1.11,0.0025,2019-06-17 00:00:00.000000,0.0173,2019-06-18 10:30:45.843855,,190.0,,2.95,20.08,3650000.0,0.1351,0.0155,JKG,694474871.0,0.0168,,,,https://www.ishares.com/us/products/239582/ishares-morningstar-midcap-etf
158,Equity,1.03,0.002,2019-06-17 00:00:00.000000,0.018000000000000002,2019-06-18 10:30:53.923470,,2928.0,,3.04,20.14,54950000.0,0.12029999999999999,0.0173,IWV,9306657734.0,0.0176,,,,https://www.ishares.com/us/products/239714/ishares-russell-3000-etf
159,Equity,1.3,0.0024,2019-06-17 00:00:00.000000,0.0079,2019-06-18 10:31:01.666128,,1231.0,,3.79,21.78,45300000.0,0.1705,0.0059,IWO,8946195664.0,0.0068000000000000005,,,,https://www.ishares.com/us/products/239709/ishares-russell-2000-growth-etf
160,Equity,1.01,0.003,2019-06-17 00:00:00.000000,0.0285,2019-06-18 10:31:06.847607,,182.0,,1.64,14.26,2950000.0,0.1303,0.0287,JKI,454685278.0,0.025,,,,https://www.ishares.com/us/products/239584/ishares-morningstar-midcap-value-etf
161,Fixed Income,0.0,0.001,2019-06-17 00:00:00.000000,0.0245,2019-06-18 10:31:10.324310,0.98,518.0,46.0,,,45150000.0,0.0144,0.025699999999999997,IBDL,1139818866.0,0.025,0.031400000000000004,1.0,0.0253,https://www.ishares.com/us/products/271056/ishares-ibonds-dec-2020-corporate-etf
162,Fixed Income,0.0,0.0008,2019-06-17 00:00:00.000000,0.027200000000000002,2019-06-18 10:31:13.277112,0.43,234.0,44.0,,,29200000.0,0.0027,0.0275,ICSH,1468851260.0,0.0258,0.0194,0.72,0.026099999999999998,https://www.ishares.com/us/products/258806/ishares-liquidity-income-etf
163,Equity,1.03,0.004699999999999999,2019-06-17 00:00:00.000000,0.0123,2019-06-18 10:31:18.314361,,148.0,,2.62,18.44,1850000.0,0.1335,0.0138,RXI,215262135.0,0.015700000000000002,,,,https://www.ishares.com/us/products/239739/ishares-global-consumer-discretionary-etf
164,Equity,,0.004699999999999999,2019-06-17 00:00:00.000000,,2019-06-18 10:31:19.647582,,48.0,,4.82,16.27,150000.0,,,IDNA,3969463.0,,,,,https://www.ishares.com/us/products/308878/
165,Fixed Income,0.0,0.0006,2019-06-17 00:00:00.000000,0.026600000000000002,2019-06-18 10:31:22.697363,2.23,1661.0,66.0,,,35800000.0,0.0129,0.027000000000000003,SLQD,1813511177.0,0.0276,0.032,2.36,0.026000000000000002,https://www.ishares.com/us/products/258098/ishares-05-year-investment-grade-corporate-bond-etf
166,Fixed Income,-0.01,0.0018,2019-06-17 00:00:00.000000,0.0143,2019-06-18 10:31:25.264909,,1354.0,,,,10950000.0,0.025699999999999997,0.0127,IBMJ,281685813.0,0.0138,0.0478,2.07,0.0137,https://www.ishares.com/us/products/276546/ishares-ibonds-dec-2021-amt-free-muni-bond-etf
167,Equity,1.23,0.0043,2019-06-17 00:00:00.000000,0.04019999999999999,2019-06-18 10:31:31.408126,,66.0,,1.47,13.74,20900000.0,0.19949999999999998,0.0315,IYE,688030874.0,0.030600000000000002,,,,https://www.ishares.com/us/products/239507/ishares-us-energy-etf
168,Equity,-0.05,0.0039000000000000003,2019-06-17 00:00:00.000000,0.0109,2019-06-18 10:31:34.839105,,33.0,,1.17,22.37,7100000.0,0.3119,0.0113,SLVP,60908970.0,0.0134,,,,https://www.ishares.com/us/products/239656/ishares-msci-global-silver-miners-etf
169,Equity,0.82,0.004699999999999999,2019-06-17 00:00:00.000000,0.022099999999999998,2019-06-18 10:31:39.754481,,107.0,,1.65,14.13,3050000.0,0.1258,0.024399999999999998,MXI,191273243.0,0.026099999999999998,,,,https://www.ishares.com/us/products/239748/ishares-global-materials-etf
170,Equity,1.28,0.003,2019-06-17 00:00:00.000000,0.0018,2019-06-18 10:31:44.831378,,243.0,,4.04,30.41,1100000.0,0.16879999999999998,0.0022,JKK,220089916.0,0.0031,,,,https://www.ishares.com/us/products/239587/ishares-morningstar-smallcap-growth-etf
171,Fixed Income,,0.0034999999999999996,2019-06-17 00:00:00.000000,,2019-06-18 10:31:46.158616,1.41,117.0,289.0,,,500000.0,,0.048799999999999996,IBHA,12473752.0,,0.0617,1.58,0.049699999999999994,https://www.ishares.com/us/products/308559/ishares-ibonds-2021-term-high-yield-and-income-etf
172,Fixed Income,0.02,0.001,2019-06-17 00:00:00.000000,0.030699999999999998,2019-06-18 10:31:48.832029,4.42,391.0,101.0,,,20100000.0,0.0339,0.0297,IBDP,505705740.0,0.0327,0.037599999999999995,4.81,0.028999999999999998,https://www.ishares.com/us/products/272345/ishares-ibonds-dec-2024-corporate-etf
173,Equity,0.74,0.003,2019-06-17 00:00:00.000000,0.023700000000000002,2019-06-18 10:31:51.280459,,332.0,,0.86,10.16,13600000.0,0.1195,0.0333,IVLU,304236349.0,0.0276,,,,https://www.ishares.com/us/products/275382/ishares-msci-international-developed-value-factor-etf
174,Real Estate,0.54,0.0034000000000000002,2019-06-17 00:00:00.000000,0.0263,2019-06-18 10:31:57.348173,,30.0,,3.21,,19900000.0,0.1316,0.0225,ICF,2312291134.0,0.0269,,,,https://www.ishares.com/us/products/239482/ishares-cohen-steers-reit-etf
175,Equity,0.23,0.0043,2019-06-17 00:00:00.000000,0.0302,2019-06-18 10:32:03.242040,,48.0,,2.21,22.14,5550000.0,0.11289999999999999,0.0275,IDU,842674377.0,0.0263,,,,https://www.ishares.com/us/products/239524/ishares-us-utilities-etf
176,Fixed Income,,0.0012,2019-06-17 00:00:00.000000,0.026600000000000002,2019-06-18 10:32:05.179101,2.66,377.0,75.0,,,3900000.0,,0.026600000000000002,SUSB,98009303.0,0.0279,0.0329,2.83,0.0265,https://www.ishares.com/us/products/288490/
177,Equity,0.73,0.0053,2019-06-17 00:00:00.000000,0.0109,2019-06-18 10:32:08.817314,,65.0,,1.56,14.32,1200000.0,0.1462,0.0275,ENOR,28390771.0,0.026699999999999998,,,,https://www.ishares.com/us/products/239673/ishares-msci-norway-capped-etf
178,Fixed Income,0.02,0.0034999999999999996,2019-06-17 00:00:00.000000,0.0,2019-06-18 10:32:13.399952,8.8,702.0,,,,19150000.0,0.0663,0.0016,IGOV,953253359.0,0.003,0.0227,10.24,0.0034000000000000002,https://www.ishares.com/us/products/239830/ishares-international-treasury-bond-etf
179,Fixed Income,0.04,0.001,2019-06-17 00:00:00.000000,0.0311,2019-06-18 10:32:16.241786,5.21,357.0,109.0,,,17100000.0,0.0384,0.0311,IBDQ,431597990.0,0.0334,0.038,5.77,0.030299999999999997,https://www.ishares.com/us/products/272346/ishares-ibonds-dec-2025-corporate-etf
180,Equity,0.75,0.0031,2019-06-17 00:00:00.000000,0.009899999999999999,2019-06-18 10:32:20.474227,,1336.0,,1.58,14.08,79200000.0,0.1107,0.026099999999999998,ACWX,3582832598.0,0.024700000000000003,,,,https://www.ishares.com/us/products/239594/ishares-msci-acwi-ex-us-etf
181,Fixed Income,-0.01,0.001,2019-06-17 00:00:00.000000,0.0248,2019-06-18 10:32:23.775848,3.03,207.0,58.0,,,1050000.0,0.0278,0.025,IBCE,25552431.0,0.0271,0.027999999999999997,3.18,0.024300000000000002,https://www.ishares.com/us/products/251477/isharesbond-mar-2023-corporate-exfinancials-term-etf
182,Equity,0.92,0.0008,2019-06-17 00:00:00.000000,0.024700000000000003,2019-06-18 10:32:31.897277,,480.0,,3.07,18.27,198500000.0,0.11130000000000001,0.0254,DGRO,7460776925.0,0.0233,,,,https://www.ishares.com/us/products/264623/ishares-core-dividend-growth-etf
183,Equity,1.17,0.004699999999999999,2019-06-17 00:00:00.000000,0.0066,2019-06-18 10:32:37.941400,,287.0,,6.58,25.19,7650000.0,0.15990000000000001,0.0049,IGM,1613843954.0,0.0052,,,,https://www.ishares.com/us/products/239769/ishares-north-american-tech-etf
184,Fixed Income,0.01,0.0025,2019-06-17 00:00:00.000000,0.0264,2019-06-18 10:32:41.059036,0.47,407.0,55.0,,,129000000.0,0.0034000000000000002,0.0265,NEAR,6483628274.0,0.0258,0.0287,1.25,0.027999999999999997,https://www.ishares.com/us/products/239854/ishares-short-maturity-bond-etf
185,Fixed Income,,0.0006,2019-06-17 00:00:00.000000,0.0384,2019-06-18 10:32:42.973668,13.72,244.0,168.0,,,250000.0,,0.0408,LLQD,12468808.0,0.040999999999999995,0.0495,23.4,0.0415,https://www.ishares.com/us/products/290142/
186,Equity,,0.0018,2019-06-17 00:00:00.000000,0.0196,2019-06-18 10:32:44.577062,,123.0,,,,150000.0,,0.0254,IECS,4040844.0,0.0326,,,0.0001,https://www.ishares.com/us/products/292415/
187,Equity,1.01,0.0015,2019-06-17 00:00:00.000000,0.0115,2019-06-18 10:32:47.652821,,643.0,,2.58,18.53,4200000.0,0.1219,0.0172,SIZE,373678319.0,0.0207,,,,https://www.ishares.com/us/products/251465/ishares-msci-usa-size-factor-etf
188,Equity,0.8,0.0039000000000000003,2019-06-17 00:00:00.000000,0.0378,2019-06-18 10:32:53.045765,,100.0,,1.98,14.09,175550000.0,0.1014,0.039900000000000005,DVY,17081254014.0,0.0351,,,,https://www.ishares.com/us/products/239500/ishares-select-dividend-etf
189,Equity,0.62,0.004699999999999999,2019-06-17 00:00:00.000000,0.0626,2019-06-18 10:33:01.476732,,69.0,,2.05,17.31,63600000.0,0.1143,0.0395,EWA,1376827312.0,0.053899999999999997,,,,https://www.ishares.com/us/products/239607/ishares-msci-australia-etf
190,Fixed Income,0.01,0.0019,2019-06-17 00:00:00.000000,0.062,2019-06-18 10:33:07.141668,7.52,38.0,,,,177700000.0,0.0311,0.0675,TIP,20264591545.0,0.0218,0.0063,8.16,,https://www.ishares.com/us/products/239467/ishares-tips-bond-etf
191,Fixed Income,-0.04,0.0025,2019-06-17 00:00:00.000000,0.0265,2019-06-18 10:33:10.661015,5.06,499.0,64.0,,,7000000.0,0.030299999999999997,0.0288,CMBS,367334039.0,0.0269,0.0349,5.71,0.0259,https://www.ishares.com/us/products/239459/ishares-cmbs-etf
192,Equity,,0.0025,2019-06-17 00:00:00.000000,0.0,2019-06-18 10:33:12.080964,,40.0,,1.2,11.65,650000.0,,0.026099999999999998,FOVL,31338074.0,,,,,https://www.ishares.com/us/products/307330/ishares-focused-value-factor-etf
193,Equity,1.02,0.002,2019-06-17 00:00:00.000000,0.0176,2019-06-18 10:33:19.825408,,1224.0,,3.11,20.39,8400000.0,0.1189,0.0176,IYY,1206381086.0,0.0179,,,,https://www.ishares.com/us/products/239513/ishares-dow-jones-us-etf
194,Fixed Income,0.05,0.0034999999999999996,2019-06-17 00:00:00.000000,0.0,2019-06-18 10:33:24.291023,1.87,90.0,,,,850000.0,0.0562,0.0018,ISHG,67065555.0,0.0181,0.0212,1.85,-0.0009,https://www.ishares.com/us/products/239829/ishares-13-year-international-treasury-bond-etf
195,Equity,1.18,0.0043,2019-06-17 00:00:00.000000,0.0138,2019-06-18 10:33:29.218380,,34.0,,4.94,20.25,23650000.0,0.16870000000000002,0.0108,ITA,4892264719.0,0.0105,,,,https://www.ishares.com/us/products/239502/ishares-us-aerospace-defense-etf
196,Equity,0.92,0.0025,2019-06-17 00:00:00.000000,0.018000000000000002,2019-06-18 10:33:33.871625,,1333.0,,2.55,18.69,2100000.0,0.1104,0.0217,TOK,139506050.0,0.024700000000000003,,,,https://www.ishares.com/us/products/239668/ishares-msci-kokusai-etf
197,Equity,0.53,0.0055000000000000005,2019-06-17 00:00:00.000000,0.052300000000000006,2019-06-18 10:33:37.300123,,101.0,,,,2850000.0,0.1045,0.040999999999999995,IPFF,41771425.0,0.0473,,,,https://www.ishares.com/us/products/239759/ishares-international-preferred-stock-etf
198,Equity,0.87,0.004699999999999999,2019-06-17 00:00:00.000000,0.0275,2019-06-18 10:33:44.079720,,89.0,,1.84,14.88,92600000.0,0.1291,0.022099999999999998,EWC,2584507813.0,0.0232,,,,https://www.ishares.com/us/products/239615/ishares-msci-canada-etf
199,Equity,0.91,0.0043,2019-06-17 00:00:00.000000,0.013600000000000001,2019-06-18 10:33:49.903556,,129.0,,3.99,26.1,10950000.0,0.1341,0.012199999999999999,IYH,2104768959.0,0.0194,,,,https://www.ishares.com/us/products/239511/ishares-us-healthcare-etf
200,Equity,1.24,0.0019,2019-06-17 00:00:00.000000,0.0134,2019-06-18 10:33:57.623969,,1985.0,,2.05,16.89,270850000.0,0.1674,0.013300000000000001,IWM,41238225613.0,0.0132,,,,https://www.ishares.com/us/products/239710/ishares-russell-2000-etf
201,Equity,1.05,0.0043,2019-06-17 00:00:00.000000,0.0222,2019-06-18 10:34:03.619845,,50.0,,1.75,14.23,4200000.0,0.1384,0.019299999999999998,IYM,386052584.0,0.0174,,,,https://www.ishares.com/us/products/239503/ishares-us-basic-materials-etf
202,Equity,0.77,0.01,2019-06-17 00:00:00.000000,0.0,2019-06-18 10:34:06.523541,,1.0,,,,6650000.0,0.13019999999999998,0.0274,HEWG,178666219.0,0.0254,,,,https://www.ishares.com/us/products/259623/ishares-currency-hedged-msci-germany-etf
203,Fixed Income,,0.0018,2019-06-17 00:00:00.000000,0.0365,2019-06-18 10:34:08.546557,7.27,385.0,143.0,,,1900000.0,,0.0347,IGEB,96013738.0,0.0351,0.0424,9.81,0.035,https://www.ishares.com/us/products/288302/ishares-edge-investment-grade-enhanced-bond-etf-fund
204,Fixed Income,,0.0022,2019-06-17 00:00:00.000000,0.0571,2019-06-18 10:34:10.589732,3.54,1750.0,398.0,,,31550000.0,,0.063,USHY,1271921981.0,0.061900000000000004,0.0633,4.66,0.0617,https://www.ishares.com/us/products/291299/ishares-broad-usd-high-yield-corporate-bond-etf-fund
205,Equity,1.23,0.0043,2019-06-17 00:00:00.000000,0.0208,2019-06-18 10:34:16.534034,,216.0,,4.73,20.81,5900000.0,0.1514,0.0125,IYJ,906544112.0,0.0138,,,,https://www.ishares.com/us/products/239514/ishares-us-industrials-etf
206,Equity,1.26,0.003,2019-06-17 00:00:00.000000,0.0276,2019-06-18 10:34:23.682442,,235.0,,1.36,11.7,3000000.0,0.1728,0.0277,JKL,400775831.0,0.025,,,,https://www.ishares.com/us/products/239588/ishares-morningstar-smallcap-value-etf
207,Fixed Income,,0.001,2019-06-17 00:00:00.000000,0.032,2019-06-18 10:34:25.881694,6.05,348.0,123.0,,,10900000.0,,0.0329,IBDR,268402635.0,0.0344,0.0355,6.83,0.0322,https://www.ishares.com/us/products/285027/ishares-ibonds-dec-2026-term-corporate-etf-fund
208,Fixed Income,0.06,0.0015,2019-06-17 00:00:00.000000,0.0339,2019-06-18 10:34:31.853591,8.66,2014.0,134.0,,,278500000.0,0.0467,0.035,LQD,33829744158.0,0.035,0.041299999999999996,12.79,0.0349,https://www.ishares.com/us/products/239566/ishares-iboxx-investment-grade-corporate-bond-etf
209,Equity,,0.004699999999999999,2019-06-17 00:00:00.000000,,2019-06-18 10:34:32.873381,,39.0,,6.49,31.54,150000.0,,,IHAK,3764975.0,,,,0.0003,https://www.ishares.com/us/products/307352/ishares-cybersecurity-and-tech-etf-fund
210,Equity,0.96,0.0043,2019-06-17 00:00:00.000000,0.0036,2019-06-18 10:34:37.889485,,47.0,,2.55,20.31,5200000.0,0.161,0.0062,IHF,886513576.0,0.0403,,,,https://www.ishares.com/us/products/239510/ishares-us-healthcare-providers-etf
211,Equity,0.98,0.004699999999999999,2019-06-17 00:00:00.000000,0.0191,2019-06-18 10:34:44.065144,,190.0,,1.22,12.78,5450000.0,0.14400000000000002,0.0276,IXG,338159548.0,0.028999999999999998,,,,https://www.ishares.com/us/products/239742/ishares-global-financials-etf
212,Real Estate,0.62,0.0048,2019-06-17 00:00:00.000000,0.0344,2019-06-18 10:34:48.578717,,106.0,,0.99,,700000.0,0.1438,0.028999999999999998,IFEU,25828693.0,0.0467,,,,https://www.ishares.com/us/products/239539/ishares-europe-developed-real-estate-etf
213,Equity,1.01,0.0043,2019-06-17 00:00:00.000000,0.022799999999999997,2019-06-18 10:34:54.876504,,283.0,,1.82,17.99,13600000.0,0.13570000000000002,0.0187,IYF,1682596592.0,0.0182,,,,https://www.ishares.com/us/products/239508/ishares-us-financials-etf
214,Fixed Income,-0.05,0.0012,2019-06-17 00:00:00.000000,0.0271,2019-06-18 10:34:59.732549,2.25,925.0,39.0,,,156200000.0,0.0248,0.0278,MBB,16721951138.0,0.0269,0.0371,5.31,0.028300000000000002,https://www.ishares.com/us/products/239465/ishares-mbs-etf
215,Equity,1.06,0.002,2019-06-17 00:00:00.000000,0.0134,2019-06-18 10:35:03.768323,,128.0,,7.49,24.61,16800000.0,0.13,0.0121,IWY,1420972267.0,0.012,,,,https://www.ishares.com/us/products/239720/ishares-russell-top-200-growth-etf
216,Equity,1.18,0.0025,2019-06-17 00:00:00.000000,0.0146,2019-06-18 10:35:09.052681,,275.0,,2.07,17.52,1350000.0,0.1567,0.013500000000000002,JKJ,231048968.0,0.0147,,,,https://www.ishares.com/us/products/239586/ishares-morningstar-smallcap-etf
217,Multi Asset,0.26,0.0032,2019-06-17 00:00:00.000000,0.0222,2019-06-18 10:35:17.000272,,7.0,,,,14550000.0,0.0395,0.0276,AOK,507876793.0,0.025699999999999997,,,,https://www.ishares.com/us/products/239733/ishares-conservative-allocation-etf
218,Equity,,0.0015,2019-06-17 00:00:00.000000,0.0,2019-06-18 10:35:18.515993,,315.0,,1.2,13.7,200000.0,,0.0202,EWJE,6474809.0,0.0,,,,https://www.ishares.com/us/products/307265/
219,Equity,,0.0015,2019-06-17 00:00:00.000000,0.0172,2019-06-18 10:35:20.612478,,314.0,,3.28,20.43,3700000.0,,0.0181,ESGU,234599351.0,0.0171,,,,https://www.ishares.com/us/products/286007/ishares-esg-msci-usa-etf-fund
220,Equity,1.04,0.0043,2019-06-17 00:00:00.000000,0.018799999999999997,2019-06-18 10:35:25.563580,,45.0,,2.93,26.25,2350000.0,0.15289999999999998,0.0147,IHE,341420330.0,0.0127,,,,https://www.ishares.com/us/products/239519/ishares-us-pharmaceuticals-etf
221,Equity,1.03,0.0003,2019-06-17 00:00:00.000000,0.0182,2019-06-18 10:35:32.974825,,3543.0,,3.03,20.16,312500000.0,0.1206,0.018799999999999997,ITOT,20447427281.0,0.019299999999999998,,,,https://www.ishares.com/us/products/239724/ishares-core-sp-total-us-stock-market-etf
222,Equity,0.71,0.001,2019-06-17 00:00:00.000000,0.0263,2019-06-18 10:35:35.811328,,798.0,,1.3,13.53,18600000.0,0.1036,0.0273,IPAC,1006258826.0,0.0277,,,,https://www.ishares.com/us/products/264619/ishares-core-msci-pacific-etf
223,Equity,0.81,0.004699999999999999,2019-06-17 00:00:00.000000,0.009300000000000001,2019-06-18 10:35:41.856706,,251.0,,1.56,15.02,153600000.0,0.1422,0.0235,EZU,5863141640.0,0.0321,,,,https://www.ishares.com/us/products/239644/ishares-msci-emu-etf
224,Commodity,0.53,0.0048,2019-06-17 00:00:00.000000,0.3712,2019-06-18 10:35:45.011616,,185.0,,,,9500000.0,0.1074,0.022799999999999997,COMT,300780549.0,0.1105,,,,https://www.ishares.com/us/products/270319/ishares-commodity-etf
225,Equity,1.17,0.006,2019-06-17 00:00:00.000000,0.0129,2019-06-18 10:35:55.489550,,1429.0,,1.72,13.47,9450000.0,0.17489999999999997,0.0104,IWC,858675563.0,0.01,,,,https://www.ishares.com/us/products/239716/ishares-microcap-etf
226,Equity,1.26,0.0007000000000000001,2019-06-17 00:00:00.000000,0.0169,2019-06-18 10:36:02.298046,,602.0,,1.83,17.95,564300000.0,0.1747,0.0158,IJR,42801405500.0,0.015300000000000001,,,,https://www.ishares.com/us/products/239774/ishares-core-sp-smallcap-etf
227,Equity,0.99,0.004699999999999999,2019-06-17 00:00:00.000000,0.023399999999999997,2019-06-18 10:36:08.604271,,27.0,,1.12,10.14,3200000.0,0.1739,0.0141,EWO,61713459.0,0.038,,,,https://www.ishares.com/us/products/239609/ishares-msci-austria-capped-etf
228,Fixed Income,,0.0018,2019-06-17 00:00:00.000000,0.026099999999999998,2019-06-18 10:36:09.962271,,69.0,,,,150000.0,,0.0161,IBMQ,3850887.0,,0.0653,8.43,0.0154,https://www.ishares.com/us/products/308051/
229,,,,2019-06-17 10:36:12.597738,,2019-06-18 10:36:12.597758,,,,,,,,,,,,,,,https://www.ishares.com/uk/institutional/en/products/239520/ishares-us-real-estate-etf
230,Real Estate,0.49,0.0048,2019-06-17 00:00:00.000000,0.0699,2019-06-18 10:36:16.943239,,35.0,,1.05,,29800000.0,0.11449999999999999,0.0876,REM,1234235570.0,0.0924,,,,https://www.ishares.com/us/products/239543/ishares-mortgage-real-estate-capped-etf
231,Fixed Income,-0.04,0.002,2019-06-17 00:00:00.000000,0.0246,2019-06-18 10:36:21.931198,6.57,1712.0,50.0,,,2650000.0,0.0345,0.024900000000000002,GBF,305976777.0,0.025699999999999997,0.030600000000000002,8.85,0.0255,https://www.ishares.com/us/products/239462/ishares-governmentcredit-bond-etf
232,Fixed Income,,0.0034999999999999996,2019-06-17 00:00:00.000000,,2019-06-18 10:36:23.329292,1.83,142.0,351.0,,,400000.0,,0.0546,IBHB,9990997.0,,0.061399999999999996,2.01,0.0558,https://www.ishares.com/us/products/308561/ishares-ibonds-2022-term-high-yield-and-income-etf
233,Fixed Income,0.03,0.002,2019-06-17 00:00:00.000000,0.0281,2019-06-18 10:36:27.331580,0.14,695.0,50.0,,,194900000.0,0.005,0.0282,FLOT,9911892359.0,0.0281,0.0316,1.83,0.0291,https://www.ishares.com/us/products/239534/ishares-floating-rate-bond-etf
234,Equity,,0.004699999999999999,2019-06-17 00:00:00.000000,,2019-06-18 10:36:28.557597,,100.0,,1.59,11.22,300000.0,,0.0227,IDRV,6828874.0,,,,0.0001,https://www.ishares.com/us/products/307332/
235,Equity,0.93,0.0039000000000000003,2019-06-17 00:00:00.000000,0.03,2019-06-18 10:36:31.907513,,212.0,,1.3,11.73,2400000.0,0.163,0.0336,FILL,46560815.0,0.030299999999999997,,,,https://www.ishares.com/us/products/239653/ishares-msci-global-energy-producers-etf
236,Fixed Income,,0.0034999999999999996,2019-06-17 00:00:00.000000,,2019-06-18 10:36:33.342054,2.38,211.0,390.0,,,500000.0,,0.0587,IBHC,12477647.0,,0.061500000000000006,2.95,0.0601,https://www.ishares.com/us/products/308563/ishares-ibonds-2023-term-high-yield-and-income-etf
237,Real Estate,0.58,0.0014000000000000002,2019-06-17 00:00:00.000000,0.0407,2019-06-18 10:36:36.009905,,298.0,,1.67,,58800000.0,0.1175,0.035,REET,1589403850.0,0.051100000000000007,,,,https://www.ishares.com/us/products/268752/ishares-global-reit-etf
238,Fixed Income,-0.03,0.0007000000000000001,2019-06-17 00:00:00.000000,0.023700000000000002,2019-06-18 10:36:41.483605,,3759.0,,,,112700000.0,0.0338,0.0191,MUB,12700655489.0,0.025,0.0471,5.54,0.019299999999999998,https://www.ishares.com/us/products/239766/ishares-national-amtfree-muni-bond-etf
239,Equity,0.77,0.0049,2019-06-17 00:00:00.000000,0.0169,2019-06-18 10:36:43.542697,,103.0,,2.43,17.63,950000.0,0.1099,0.019799999999999998,SDG,53978878.0,0.023799999999999998,,,,https://www.ishares.com/us/products/283378/
240,Equity,1.23,0.0043,2019-06-17 00:00:00.000000,0.0213,2019-06-18 10:36:49.094926,,120.0,,1.76,14.08,10450000.0,0.18359999999999999,0.0171,IYG,1361759800.0,0.0174,,,,https://www.ishares.com/us/products/239509/ishares-us-financial-services-etf
241,Equity,1.24,0.0025,2019-06-17 00:00:00.000000,0.0096,2019-06-18 10:36:55.581535,,333.0,,2.56,21.13,30200000.0,0.1711,0.0102,IJT,5354454225.0,0.0088,,,,https://www.ishares.com/us/products/239773/ishares-sp-smallcap-600-growth-etf
242,Fixed Income,,0.0034999999999999996,2019-06-17 00:00:00.000000,0.0562,2019-06-18 10:36:57.519808,3.44,208.0,398.0,,,400000.0,,0.0632,HYDB,19675019.0,0.059800000000000006,0.0633,4.39,0.0616,https://www.ishares.com/us/products/288478/ishares-edge-high-yield-defensive-bond-etf-fund
243,Equity,1.09,0.0043,2019-06-17 00:00:00.000000,0.008,2019-06-18 10:37:08.062645,,168.0,,5.11,26.08,4200000.0,0.1387,0.0076,IYC,906578087.0,0.0077,,,,https://www.ishares.com/us/products/239506/ishares-us-consumer-services-etf
244,Equity,1.0,0.0018,2019-06-17 00:00:00.000000,0.0281,2019-06-18 10:37:14.108172,,383.0,,2.24,15.86,132850000.0,0.1225,0.024399999999999998,IVE,15133986372.0,0.0256,,,,https://www.ishares.com/us/products/239728/ishares-sp-500-value-etf
245,Equity,0.74,0.003,2019-06-17 00:00:00.000000,0.0192,2019-06-18 10:37:17.201184,,911.0,,1.42,14.6,200000.0,0.1054,0.024900000000000002,ISZE,5113133.0,0.028399999999999998,,,,https://www.ishares.com/us/products/275384/ishares-msci-international-developed-size-factor-etf
246,Fixed Income,0.0,0.001,2019-06-17 00:00:00.000000,0.027000000000000003,2019-06-18 10:37:19.897158,2.76,534.0,76.0,,,34400000.0,0.0254,0.0268,IBDN,860876935.0,0.0286,0.032400000000000005,2.89,0.0262,https://www.ishares.com/us/products/272343/ishares-ibonds-dec-2022-corporate-etf
247,Equity,0.63,0.0109,2019-06-17 00:00:00.000000,0.031400000000000004,2019-06-18 10:37:22.336487,,1.0,,,,1500000.0,0.0949,0.023,HEWC,39687868.0,0.0256,,,,https://www.ishares.com/us/products/273775/ishares-currency-hedged-msci-canada-etf
248,Equity,,0.004,2019-06-17 00:00:00.000000,0.018500000000000003,2019-06-18 10:37:23.857134,,150.0,,1.99,17.88,250000.0,,0.0179,IFRA,6563586.0,0.026699999999999998,,,,https://www.ishares.com/us/products/294315/
249,Equity,0.86,0.0040999999999999995,2019-06-17 00:00:00.000000,0.0199,2019-06-18 10:37:27.255984,,143.0,,1.67,15.53,1050000.0,0.1159,0.021,VEGI,28796953.0,0.02,,,,https://www.ishares.com/us/products/239652/ishares-msci-global-agriculture-producers-etf
250,Equity,0.7,0.0048,2019-06-17 00:00:00.000000,0.0161,2019-06-18 10:37:32.663201,,393.0,,1.25,13.05,1950000.0,0.10679999999999999,0.0183,JPXN,112184213.0,0.015300000000000001,,,,https://www.ishares.com/us/products/239831/ishares-japan-largecap-etf
251,Equity,0.75,0.0022,2019-06-17 00:00:00.000000,0.0265,2019-06-18 10:37:35.024285,,405.0,,1.96,14.65,1200000.0,0.10800000000000001,0.0281,IGRO,64196592.0,0.0287,,,,https://www.ishares.com/us/products/283737/ishares-international-dividend-growth-etf-fund
252,Fixed Income,0.0,0.001,2019-06-17 00:00:00.000000,0.0226,2019-06-18 10:37:38.232328,0.38,276.0,35.0,,,5500000.0,0.009899999999999999,0.026000000000000002,IBDC,143355530.0,0.0227,0.0305,0.41,0.0256,https://www.ishares.com/us/products/254553/isharesbond-mar-2020-corporate-term-etf
253,Equity,0.86,0.0109,2019-06-17 00:00:00.000000,0.015600000000000001,2019-06-18 10:37:40.390994,,1.0,,,,150000.0,0.1265,0.0166,DEWJ,3989190.0,0.0167,,,,https://www.ishares.com/us/products/280774/ishares-adaptive-currency-hedged-msci-japan-etf
254,Equity,,0.002,2019-06-17 00:00:00.000000,0.015600000000000001,2019-06-18 10:37:42.758188,,466.0,,1.59,14.97,12900000.0,,0.0287,ESGD,803410043.0,0.025,,,,https://www.ishares.com/us/products/283778/
255,Equity,0.54,0.0025,2019-06-17 00:00:00.000000,0.0146,2019-06-18 10:37:45.248443,,170.0,,2.36,19.02,950000.0,0.1033,0.0286,EUMV,23808428.0,0.027200000000000002,,,,https://www.ishares.com/us/products/264611/ishares-msci-europe-minimum-volatility-etf
256,Fixed Income,-0.09,0.0015,2019-06-17 00:00:00.000000,0.02,2019-06-18 10:37:50.072488,4.5,75.0,,,,61900000.0,0.0285,0.0187,IEI,7746324558.0,0.0207,0.0216,4.78,0.0187,https://www.ishares.com/us/products/239455/ishares-37-year-treasury-bond-etf
257,Fixed Income,-0.03,0.0025,2019-06-17 00:00:00.000000,0.0202,2019-06-18 10:37:54.520831,,901.0,,,,20150000.0,0.035699999999999996,0.016200000000000003,CMF,1215362551.0,0.0213,0.0443,5.83,0.0182,https://www.ishares.com/us/products/239731/ishares-california-amtfree-muni-bond-etf
258,Equity,0.89,0.004699999999999999,2019-06-17 00:00:00.000000,0.009899999999999999,2019-06-18 10:38:01.317965,,46.0,,1.72,16.54,2640000.0,0.1426,0.0226,EWK,46749108.0,0.0254,,,,https://www.ishares.com/us/products/239610/ishares-msci-belgium-capped-etf
259,Equity,0.75,0.004699999999999999,2019-06-17 00:00:00.000000,0.014199999999999999,2019-06-18 10:38:05.840662,,958.0,,1.06,13.72,2000000.0,0.12029999999999999,0.0177,SCJ,135543425.0,0.0138,,,,https://www.ishares.com/us/products/239666/ishares-msci-japan-smallcap-etf
260,Equity,,0.0023,2019-06-17 00:00:00.000000,0.0178,2019-06-18 10:38:07.953115,,471.0,,2.26,18.53,800000.0,,0.0152,SMMD,35422882.0,0.0146,,,,https://www.ishares.com/us/products/288024/ishares-russell-2500-etf-fund
261,Fixed Income,,0.0008,2019-06-17 00:00:00.000000,0.029300000000000003,2019-06-18 10:38:12.254994,4.11,1022.0,80.0,,,1500000.0,,0.0274,IMTB,74716024.0,0.0296,0.0403,5.94,0.0305,https://www.ishares.com/us/products/285539/
262,Equity,0.95,0.010700000000000001,2019-06-17 00:00:00.000000,0.018500000000000003,2019-06-18 10:38:14.463343,,1.0,,,,100000.0,0.14679999999999999,0.0159,HJPX,2690166.0,0.015700000000000002,,,,https://www.ishares.com/us/products/279286/ishares-currency-hedged-jpx-nikkei-400-etf
263,Fixed Income,0.0,0.001,2019-06-17 00:00:00.000000,0.0196,2019-06-18 10:38:17.578185,0.39,159.0,31.0,,,3600000.0,0.0102,0.0255,IBCD,88383114.0,0.0195,0.0301,0.42,0.025099999999999997,https://www.ishares.com/us/products/251476/isharesbond-mar-2020-corporate-exfinancials-term-etf
264,Equity,0.76,0.0109,2019-06-17 00:00:00.000000,0.0095,2019-06-18 10:38:19.788907,,1.0,,,,100000.0,0.1231,0.0322,DEZU,2739397.0,0.03,,,,https://www.ishares.com/us/products/280771/ishares-adaptive-currency-hedged-msci-eurozone-etf
265,Equity,0.73,0.0048,2019-06-17 00:00:00.000000,0.02,2019-06-18 10:38:26.017289,,46.0,,1.3,13.24,89475000.0,0.1434,0.0226,EWH,2209377266.0,0.0268,,,,https://www.ishares.com/us/products/239657/ishares-msci-hong-kong-etf
266,Fixed Income,,0.005,2019-06-17 00:00:00.000000,0.053399999999999996,2019-06-18 10:38:28.214909,3.02,332.0,339.0,,,200000.0,,0.054299999999999994,HYXE,10183499.0,0.0588,0.061799999999999994,3.71,0.0556,https://www.ishares.com/us/products/283857/
267,Equity,0.75,0.0008,2019-06-17 00:00:00.000000,0.0373,2019-06-18 10:38:31.768183,,75.0,,2.97,18.77,76800000.0,0.1042,0.0339,HDV,7168369004.0,0.0348,,,,https://www.ishares.com/us/products/239563/ishares-high-dividend-etf
268,Equity,1.08,0.004699999999999999,2019-06-17 00:00:00.000000,0.013000000000000001,2019-06-18 10:38:36.577158,,198.0,,2.94,16.65,2350000.0,0.1341,0.0166,EXI,208705170.0,0.0199,,,,https://www.ishares.com/us/products/239745/ishares-global-industrials-etf
269,Fixed Income,0.2,0.003,2019-06-17 00:00:00.000000,0.050499999999999996,2019-06-18 10:38:39.523416,1.87,641.0,348.0,,,64700000.0,0.031200000000000002,0.056900000000000006,SHYG,2993892801.0,0.056799999999999996,0.0622,2.17,0.0559,https://www.ishares.com/us/products/258100/ishares-05-year-high-yield-corporate-bond-etf
270,Equity,0.88,0.0048,2019-06-17 00:00:00.000000,0.0281,2019-06-18 10:38:43.092763,,81.0,,0.88,11.21,33500000.0,0.18789999999999998,0.0392,EUFN,589912994.0,0.0611,,,,https://www.ishares.com/us/products/239645/ishares-msci-europe-financials-etf
271,Equity,1.02,0.0025,2019-06-17 00:00:00.000000,0.0222,2019-06-18 10:38:49.004950,,585.0,,1.91,17.38,120350000.0,0.1267,0.0215,IWS,10506828281.0,0.0232,,,,https://www.ishares.com/us/products/239719/ishares-russell-midcap-value-etf
272,Fixed Income,0.0,0.001,2019-06-17 00:00:00.000000,0.0223,2019-06-18 10:38:51.425978,0.14,197.0,21.0,,,31000000.0,0.008100000000000001,0.0248,IBDK,770255107.0,0.0223,0.0281,0.21,0.0248,https://www.ishares.com/us/products/272341/ishares-ibonds-dec-2019-corporate-etf
273,Fixed Income,0.28,0.004,2019-06-17 00:00:00.000000,0.0466,2019-06-18 10:38:55.029458,3.25,1288.0,,,,3600000.0,0.0455,0.0506,GHYG,174637166.0,0.0558,0.056299999999999996,3.89,0.0519,https://www.ishares.com/us/products/239551/ishares-global-high-yield-corporate-bond-etf
274,Fixed Income,0.0,0.0025,2019-06-17 00:00:00.000000,0.0163,2019-06-18 10:38:57.441608,,72.0,,,,3450000.0,0.0049,0.0148,MEAR,172760206.0,0.0151,0.0319,0.71,0.0172,https://www.ishares.com/us/products/272112/ishares-short-maturity-municipal-bond-etf
275,Equity,1.06,0.0059,2019-06-17 00:00:00.000000,0.0215,2019-06-18 10:39:06.011548,,111.0,,1.64,13.07,700000.0,0.17579999999999998,0.0189,EWGS,37340467.0,0.0332,,,,https://www.ishares.com/us/products/239651/ishares-msci-germany-smallcap-etf
276,Fixed Income,-0.04,0.0018,2019-06-17 00:00:00.000000,0.028900000000000002,2019-06-18 10:39:09.921121,2.23,84.0,34.0,,,2550000.0,0.0235,0.0288,GNMA,126942069.0,0.0264,0.0401,4.81,0.0271,https://www.ishares.com/us/products/239461/ishares-gnma-bond-etf
277,Fixed Income,0.02,0.0006,2019-06-17 00:00:00.000000,0.0348,2019-06-18 10:39:14.139306,6.26,1969.0,134.0,,,114150000.0,0.0294,0.0345,IGIB,6401613783.0,0.0365,0.0387,7.27,0.0335,https://www.ishares.com/us/products/239463/ishares-intermediate-credit-bond-etf
278,Equity,0.79,0.0043,2019-06-17 00:00:00.000000,0.0296,2019-06-18 10:39:20.089964,,42.0,,2.74,20.75,13750000.0,0.1475,0.025,IYZ,403396989.0,0.0189,,,,https://www.ishares.com/us/products/239523/ishares-us-telecommunications-etf
279,Equity,0.77,0.004699999999999999,2019-06-17 00:00:00.000000,0.0287,2019-06-18 10:39:26.096958,,67.0,,2.82,19.37,4350000.0,0.1281,0.015,IXP,245314003.0,0.0388,,,,https://www.ishares.com/us/products/239751/ishares-global-telecom-etf
280,Equity,,0.0017000000000000001,2019-06-17 00:00:00.000000,0.012,2019-06-18 10:39:32.923622,,941.0,,2.12,18.0,1550000.0,,0.013600000000000001,ESML,40803235.0,0.0121,,,,https://www.ishares.com/us/products/296644/ishares-esg-msci-usa-small-cap-etf-fund
281,Equity,0.49,0.004699999999999999,2019-06-17 00:00:00.000000,0.0285,2019-06-18 10:39:37.441880,,74.0,,2.11,20.19,64800000.0,0.1001,0.0323,IGF,2938171460.0,0.0311,,,,https://www.ishares.com/us/products/239746/ishares-global-infrastructure-etf
282,Equity,0.39,0.003,2019-06-17 00:00:00.000000,0.012,2019-06-18 10:39:40.179103,,162.0,,1.2,15.29,600000.0,0.086,0.0213,JPMV,38663144.0,0.0139,,,,https://www.ishares.com/us/products/264613/ishares-msci-japan-minimum-volatility-etf
283,Equity,0.7,0.0069,2019-06-17 00:00:00.000000,0.018600000000000002,2019-06-18 10:39:42.680828,,1.0,,,,300000.0,0.09880000000000001,0.0313,DEFA,8271435.0,0.029500000000000002,,,,https://www.ishares.com/us/products/280769/ishares-adaptive-currency-hedged-msci-eafe-etf
284,Equity,0.6,0.0109,2019-06-17 00:00:00.000000,0.0431,2019-06-18 10:39:45.038671,,1.0,,,,500000.0,0.1516,0.038,HEWP,10856919.0,0.0374,,,,https://www.ishares.com/us/products/273753/ishares-currency-hedged-msci-spain-etf
285,Real Estate,0.51,0.0048,2019-06-17 00:00:00.000000,0.0277,2019-06-18 10:39:49.823732,,343.0,,1.01,,3300000.0,0.1066,0.028999999999999998,WPS,124695103.0,0.04190000000000001,,,,https://www.ishares.com/us/products/239734/ishares-international-developed-property-etf
286,Commodity,-0.1,,2019-06-17 00:00:00.000000,,2019-06-18 10:39:54.138585,,,,,,960900000.0,0.1045,,IAU,12333964134.0,,,,,https://www.ishares.com/us/products/239561/ishares-gold-trust-fund
287,Commodity,0.02,,2019-06-17 00:00:00.000000,,2019-06-18 10:39:58.172292,,,,,,340650000.0,0.16570000000000001,,SLV,4714774022.0,,,,,https://www.ishares.com/us/products/239855/ishares-silver-trust-fund
288,Fixed Income,0.0,0.0015,2019-06-17 00:00:00.000000,0.0222,2019-06-18 10:40:03.176309,0.37,49.0,,,,221100000.0,0.0025,0.022400000000000003,SHV,24440162087.0,0.021099999999999997,0.013000000000000001,0.37,0.0217,https://www.ishares.com/us/products/239466/ishares-short-treasury-bond-etf
289,Equity,0.83,0.0043,2019-06-17 00:00:00.000000,0.0254,2019-06-18 10:40:08.164360,,61.0,,1.38,15.33,1550000.0,0.12960000000000002,0.0176,IAK,108498355.0,0.0184,,,,https://www.ishares.com/us/products/239515/ishares-us-insurance-etf
290,Equity,0.76,0.004,2019-06-17 00:00:00.000000,0.0098,2019-06-18 10:40:13.415415,,538.0,,2.89,20.7,48400000.0,0.11289999999999999,0.0158,EFG,3787920586.0,0.0178,,,,https://www.ishares.com/us/products/239622/ishares-msci-eafe-growth-etf
291,Equity,-0.26,0.0039000000000000003,2019-06-17 00:00:00.000000,0.004699999999999999,2019-06-18 10:40:16.851999,,35.0,,1.43,35.13,11300000.0,0.2718,0.005699999999999999,RING,209950148.0,0.0067,,,,https://www.ishares.com/us/products/239654/ishares-msci-global-gold-miners-etf
292,Fixed Income,-0.03,0.0015,2019-06-17 00:00:00.000000,0.022099999999999998,2019-06-18 10:40:22.635549,1.85,77.0,,,,213300000.0,0.0095,0.0192,SHY,18036474626.0,0.0206,0.0208,1.91,0.0191,https://www.ishares.com/us/products/239452/ishares-13-year-treasury-bond-etf
293,Equity,0.7,0.0038,2019-06-17 00:00:00.000000,0.024700000000000003,2019-06-18 10:40:28.847138,,490.0,,1.06,11.42,120400000.0,0.1151,0.0387,EFV,5626064326.0,0.0438,,,,https://www.ishares.com/us/products/239628/ishares-msci-eafe-value-etf
294,Equity,1.04,0.0025,2019-06-17 00:00:00.000000,0.0068000000000000005,2019-06-18 10:40:34.156359,,77.0,,6.44,31.21,5750000.0,0.1309,0.0054,JKE,1083140127.0,0.0069,,,,https://www.ishares.com/us/products/239580/ishares-morningstar-largecap-growth-etf
295,Fixed Income,,0.0018,2019-06-17 00:00:00.000000,0.017,2019-06-18 10:40:36.007033,,713.0,,,,2500000.0,,0.013500000000000002,IBMM,65404685.0,0.0184,0.0489,5.04,0.0147,https://www.ishares.com/us/products/282961/ishares-ibonds-dec-2024-term-muni-bond-etf
296,Equity,1.02,0.0004,2019-06-17 00:00:00.000000,0.0159,2019-06-18 10:40:42.030015,,538.0,,5.15,26.54,105750000.0,0.12279999999999999,0.0147,IUSG,6541525513.0,0.0124,,,,https://www.ishares.com/us/products/239713/ishares-core-sp-us-growth-etf
297,Equity,0.94,0.0043,2019-06-17 00:00:00.000000,0.0,2019-06-18 10:40:47.091993,,56.0,,4.31,40.8,15250000.0,0.1495,0.0039000000000000003,IHI,3578482634.0,0.0023,,,,https://www.ishares.com/us/products/239516/ishares-us-medical-devices-etf
298,Fixed Income,-0.01,0.0006,2019-06-17 00:00:00.000000,0.0265,2019-06-18 10:40:52.665401,2.56,3760.0,63.0,,,53600000.0,0.0139,0.0258,ISTB,2688436319.0,0.0271,0.0291,2.81,0.0256,https://www.ishares.com/us/products/244051/ishares-core-shortterm-us-bond-etf
299,Equity,1.41,0.004699999999999999,2019-06-17 00:00:00.000000,0.0,2019-06-18 10:40:58.701970,,221.0,,4.74,19.67,69950000.0,0.2208,0.0027,IBB,7421969174.0,0.0019,,,,https://www.ishares.com/us/products/239699/ishares-nasdaq-biotechnology-etf
300,Fixed Income,0.01,0.001,2019-06-17 00:00:00.000000,0.027999999999999997,2019-06-18 10:41:01.508144,3.58,465.0,88.0,,,29250000.0,0.0298,0.0282,IBDO,736465490.0,0.0304,0.0346,3.82,0.0274,https://www.ishares.com/us/products/272344/ishares-ibonds-dec-2023-corporate-etf
301,Equity,0.67,0.004699999999999999,2019-06-17 00:00:00.000000,0.019299999999999998,2019-06-18 10:41:05.998878,,30.0,,1.7,17.2,23000000.0,0.1643,0.0209,ICLN,236384272.0,0.0229,,,,https://www.ishares.com/us/products/239738/ishares-global-clean-energy-etf
302,Equity,0.72,0.003,2019-06-17 00:00:00.000000,0.013000000000000001,2019-06-18 10:41:08.688335,,297.0,,2.76,17.19,27000000.0,0.1056,0.025699999999999997,IQLT,787479047.0,0.0245,,,,https://www.ishares.com/us/products/271540/ishares-msci-international-developed-quality-factor-etf
303,Equity,0.68,0.0015,2019-06-17 00:00:00.000000,0.019,2019-06-18 10:41:12.371099,,214.0,,3.41,25.52,459600000.0,0.09269999999999999,0.0212,USMV,28256436769.0,0.018799999999999997,,,,https://www.ishares.com/us/products/239695/ishares-msci-usa-minimum-volatility-etf
304,Fixed Income,,0.0011,2019-06-17 00:00:00.000000,0.0279,2019-06-18 10:41:14.096641,5.34,456.0,45.0,,,1300000.0,,0.0245,EAGG,68699424.0,0.0,0.0322,7.8,0.0262,https://www.ishares.com/us/products/305252/
305,Equity,1.13,0.0015,2019-06-17 00:00:00.000000,0.037599999999999995,2019-06-18 10:41:17.029711,,150.0,,1.55,10.65,40700000.0,0.1387,0.031200000000000002,VLUE,3176933227.0,0.027999999999999997,,,,https://www.ishares.com/us/products/251616/ishares-msci-usa-value-factor-etf
306,Equity,0.75,0.0008,2019-06-17 00:00:00.000000,0.0232,2019-06-18 10:41:21.718202,,2479.0,,1.54,14.86,1051800000.0,0.1112,0.029300000000000003,IEFA,62773535078.0,0.0321,,,,https://www.ishares.com/us/products/244049/ishares-core-msci-eafe-etf
307,Equity,0.77,0.004699999999999999,2019-06-17 00:00:00.000000,0.0223,2019-06-18 10:41:29.525963,,24.0,,1.18,11.25,9000000.0,0.1972,0.0329,EWI,237690409.0,0.043899999999999995,,,,https://www.ishares.com/us/products/239664/ishares-msci-italy-capped-etf
308,Fixed Income,-0.03,0.0025,2019-06-17 00:00:00.000000,0.0217,2019-06-18 10:41:34.900583,,554.0,,,,6650000.0,0.032799999999999996,0.0167,NYF,375748974.0,0.023700000000000002,0.0475,5.18,0.018500000000000003,https://www.ishares.com/us/products/239767/ishares-new-york-amtfree-muni-bond-etf
309,Equity,0.8,0.008199999999999999,2019-06-17 00:00:00.000000,0.0253,2019-06-18 10:41:37.406534,,1.0,,,,850000.0,0.1131,0.025699999999999997,HSCZ,24140935.0,0.023799999999999998,,,,https://www.ishares.com/us/products/273771/ishares-currency-hedged-msci-eafe-small-cap-etf
310,Equity,0.65,0.004699999999999999,2019-06-17 00:00:00.000000,0.0,2019-06-18 10:41:44.961802,,39.0,,2.57,21.34,28500000.0,0.10949999999999999,0.0175,EWL,1039244739.0,0.0225,,,,https://www.ishares.com/us/products/239685/ishares-msci-switzerland-capped-etf
311,Equity,1.0,0.0025,2019-06-17 00:00:00.000000,0.02,2019-06-18 10:41:49.210808,,404.0,,4.04,21.82,13150000.0,0.1184,0.0158,DSI,1413839003.0,0.0163,,,,https://www.ishares.com/us/products/239667/ishares-msci-kld-400-social-etf
312,Fixed Income,,0.0113,2019-06-17 00:00:00.000000,,2019-06-18 10:41:52.306729,,1.0,,,,2400000.0,,,HYGH,211088424.0,,,,,https://www.ishares.com/us/products/264544/ishares-interest-rate-hedged-high-yield-bond-etf
313,Equity,0.76,0.001,2019-06-17 00:00:00.000000,0.0223,2019-06-18 10:41:55.872062,,4206.0,,1.54,13.97,249100000.0,0.1115,0.0277,IXUS,14113775661.0,0.027999999999999997,,,,https://www.ishares.com/us/products/244048/ishares-core-msci-total-international-stock-etf
314,Fixed Income,0.04,0.0006,2019-06-17 00:00:00.000000,0.0337,2019-06-18 10:42:01.663295,7.1,5356.0,126.0,,,59200000.0,0.0374,0.0345,USIG,3321491006.0,0.0347,0.0405,10.32,0.0336,https://www.ishares.com/us/products/239460/ishares-credit-bond-etf
315,Equity,0.99,0.0015,2019-06-17 00:00:00.000000,0.020499999999999997,2019-06-18 10:42:05.557361,,196.0,,3.39,20.49,3550000.0,0.1158,0.0189,IWL,237299734.0,0.018000000000000002,,,,https://www.ishares.com/us/products/239721/ishares-russell-top-200-etf
316,Fixed Income,,0.0025,2019-06-17 00:00:00.000000,0.051399999999999994,2019-06-18 10:42:07.660667,5.56,238.0,390.0,,,3500000.0,,0.060899999999999996,FALN,91222097.0,0.0576,0.0571,8.88,0.0605,https://www.ishares.com/us/products/283855/ishares-fallen-angels-usd-bond-etf-fund
317,Equity,0.84,0.004,2019-06-17 00:00:00.000000,0.0163,2019-06-18 10:42:10.125000,,669.0,,1.41,12.21,2700000.0,0.1291,0.023399999999999997,ISCF,76176928.0,0.0197,,,,https://www.ishares.com/us/products/272823/ishares-msci-international-small-cap-multi-factor-etf
318,Fixed Income,,0.001,2019-06-17 00:00:00.000000,0.0331,2019-06-18 10:42:11.824355,6.75,301.0,130.0,,,6800000.0,,0.0342,IBDS,169884190.0,0.0353,0.0363,7.74,0.0334,https://www.ishares.com/us/products/290315/
319,Equity,0.58,0.0109,2019-06-17 00:00:00.000000,0.0001,2019-06-18 10:42:14.222300,,1.0,,,,250000.0,0.1003,0.0226,HEWL,7301822.0,0.0215,,,,https://www.ishares.com/us/products/273759/ishares-currency-hedged-msci-switzerland-etf
320,Equity,1.19,0.0059,2019-06-17 00:00:00.000000,0.0174,2019-06-18 10:42:17.686575,,392.0,,1.45,10.9,72800000.0,0.1916,0.0154,MCHI,4079858468.0,0.0152,,,,https://www.ishares.com/us/products/239619/ishares-msci-china-etf
321,Equity,0.02,0.0059,2019-06-17 00:00:00.000000,0.0252,2019-06-18 10:42:23.582684,,55.0,,1.99,14.82,200550000.0,0.2993,0.0282,EWZ,8362524580.0,0.0264,,,,https://www.ishares.com/us/products/239612/ishares-msci-brazil-capped-etf
322,Equity,0.76,0.0067,2019-06-17 00:00:00.000000,0.0263,2019-06-18 10:42:28.531237,,1027.0,,1.53,11.72,752400000.0,0.136,0.0184,EEM,30816181093.0,0.0215,,,,https://www.ishares.com/us/products/239637/ishares-msci-emerging-markets-etf
323,Equity,0.49,0.0059,2019-06-17 00:00:00.000000,0.069,2019-06-18 10:42:32.167791,,26.0,,0.85,5.28,16750000.0,0.17800000000000002,0.0462,ERUS,637973416.0,0.0393,,,,https://www.ishares.com/us/products/239677/ishares-msci-russia-capped-etf
324,Equity,0.16,0.0059,2019-06-17 00:00:00.000000,0.0060999999999999995,2019-06-18 10:42:36.222650,,47.0,,1.02,6.12,15700000.0,0.3301,0.0294,TUR,354777594.0,0.0435,,,,https://www.ishares.com/us/products/239689/ishares-msci-turkey-etf
325,Equity,0.87,0.004699999999999999,2019-06-17 00:00:00.000000,0.0,2019-06-18 10:42:43.717483,,65.0,,1.55,13.89,79500000.0,0.1476,0.023700000000000002,EWG,2141184625.0,0.0276,,,,https://www.ishares.com/us/products/239650/ishares-msci-germany-etf
326,Equity,,0.0059,2019-06-17 00:00:00.000000,0.0018,2019-06-18 10:42:45.423406,,26.0,,2.08,12.47,950000.0,,0.0128,AGT,25405157.0,0.009399999999999999,,,,https://www.ishares.com/us/products/287286/ishares-msci-argentina-and-global-exposure-etf-fund
327,Equity,0.7,0.0059,2019-06-17 00:00:00.000000,0.0371,2019-06-18 10:42:51.063654,,47.0,,2.11,11.89,7600000.0,0.2159,0.0235,EZA,395082352.0,0.0365,,,,https://www.ishares.com/us/products/239680/ishares-msci-south-africa-etf
328,Equity,0.58,0.004699999999999999,2019-06-17 00:00:00.000000,0.0159,2019-06-18 10:42:57.097341,,55.0,,1.81,14.68,18300000.0,0.2212,0.018000000000000002,EWW,789791332.0,0.022099999999999998,,,,https://www.ishares.com/us/products/239670/ishares-msci-mexico-capped-etf
329,Equity,0.79,0.0060999999999999995,2019-06-17 00:00:00.000000,0.023399999999999997,2019-06-18 10:42:59.995565,,28.0,,1.31,12.4,1200000.0,0.1949,0.024399999999999998,ICOL,14878409.0,0.0223,,,,https://www.ishares.com/us/products/254562/ishares-msci-colombia-capped-etf
330,Equity,0.61,0.0059,2019-06-17 00:00:00.000000,0.0029,2019-06-18 10:43:04.176750,,33.0,,1.54,15.6,8750000.0,0.2192,0.013000000000000001,ECH,342383070.0,0.0236,,,,https://www.ishares.com/us/products/239618/ishares-msci-chile-capped-etf
331,Equity,1.0,0.0074,2019-06-17 00:00:00.000000,0.0203,2019-06-18 10:43:09.572069,,50.0,,1.3,10.08,129450000.0,0.1685,0.0268,FXI,5234792028.0,0.026099999999999998,,,,https://www.ishares.com/us/products/239536/ishares-china-largecap-etf
332,Equity,0.72,0.0059,2019-06-17 00:00:00.000000,0.03,2019-06-18 10:43:14.999341,,90.0,,1.63,14.13,85000000.0,0.1331,0.0276,EWT,2848725863.0,0.03,,,,https://www.ishares.com/us/products/239686/ishares-msci-taiwan-etf
333,Equity,0.89,0.0059,2019-06-17 00:00:00.000000,0.014199999999999999,2019-06-18 10:43:21.060918,,114.0,,0.94,8.92,75100000.0,0.17559999999999998,0.0144,EWY,4274094282.0,0.014199999999999999,,,,https://www.ishares.com/us/products/239681/ishares-msci-south-korea-capped-etf
